Year,NODE_CLSS_02,논문수,학회_순위(IF)
2021,건축공학,2402,"1. 국토계획 (1.3484)
2. 대한공간정보학회지 (1.0714)
3. 한국해안·해양공학회논문집 (0.6768)
4. 한국측량학회지 (0.6744)
5. 대한환경공학회지 (0.6667)
6. 터널과 지하공간 (0.65)
7. 한국자원공학회지 (0.5785)
8. 대한건축학회논문집 (0.536)
9. 한국강구조학회 논문집 (0.5349)
10. 콘크리트학회 논문집 (0.5085)
11. 한국지열·수열에너지학회논문집 (0.5)
12. KIEAE Journal (0.4756)
13. 한국건축친환경설비학회 논문집 (0.4628)
14. 한국지반공학회논문집 (0.44)
15. 한국지반신소재학회 논문집 (0.4231)
16. 한국가스학회지 (0.3333)
17. Environmental Engineering Research (0.2895)
18. 한국지반환경공학회 논문집 (0.2169)
19. International Journal of Concrete Structures and Materials (0.1746)
20. ARCHITECTURAL RESEARCH (0)
21. 건축과사회 (0)
22. 건축환경설비 (0)
23. 대한토목학회지 (0)
24. 도시정보 (0)
25. 지반(한국지반공학회지) (0)
26. 지반환경 (0)
27. 콘크리트학회지 (0)
28. 한국강구조학회지 (0)
29. 한국건설순환자원학회논문집 (0)
30. 한국지반신소재학회지 (0)
31. 환경논총 (0)"
2021,공학 일반,1128,"1. 한국산업정보학회논문지 (0.9333)
2. 센서학회지 (0.1528)
3. 한국산학기술학회 논문지 (0)"
2021,기계공학,2635,"1. 한국수소및신에너지학회논문집 (0.5613)
2. 한국유체기계학회 논문집 (0.481)
3. 한국소음진동공학회논문집 (0.4671)
4. 한국CDE학회 논문집 (0.4565)
5. 에너지기후변화학회지 (0.44)
6. 동력시스템공학회지 (0.4211)
7. 한국연소학회지 (0.42)
8. 자동차안전학회지 (0.3966)
9. 한국기계가공학회지 (0.3904)
10. 한국생산제조학회지 (0.3529)
11. 비파괴검사학회지 (0.3258)
12. 한국표면공학회지 (0.3069)
13. 항공우주시스템공학회지 (0.3023)
14. 한국전산유체공학회지 (0.2973)
15. 한국추진공학회지 (0.2727)
16. 한국항공우주학회지 (0.2689)
17. International Journal of Fluid Machinery and Systems (0.2679)
18. International Journal of Aerospace System Engineering (0)
19. Journal of Advanced Marine Engineering and Technology (JAMET) (0)
20. Journal of Propulsion and Energy (0)
21. Journal of the Korean Society for Precision Engineering (0)
22. Tribology and Lubricants (0)
23. 기계기술정책 정책지 (0)
24. 기계저널 (0)
25. 기술과 교육 (0.0)
26. 대한기계학회 논문집 A권 (0)
27. 대한기계학회 논문집 B권 (0)
28. 대한용접·접합학회지 (0)
29. 드라이브·컨트롤 (0)
30. 설비공학논문집 (0)
31. 설비저널 (0)
32. 소음·진동 (0)
33. 오토저널 (0)
34. 한국자동차공학회논문집 (0)
35. 항공우주산업기술동향 (0)
36. 항공진흥 (0)
37. 환경에너지공학 (0)"
2021,기타 공학,447,"1. 대한교통학회지 (1.038)
2. 재활복지공학회논문지 (0.2987)
3. 한국위험물학회지 (0.2115)
4. 교통기술과정책 (0)
5. 철도저널 (0)
6. 한국게임학회 논문지 (0)
7. 한국철도학회 논문집 (0)"
2021,산업공학,289,"1. 지능정보연구 (1.1507)
2. 대한인간공학회지 (0.398)
3. 대한산업공학회지 (0.386)
4. Industrial Engineering & Management Systems (0.0696)
5. International Journal of Reliability and Applications (0)
6. 신뢰성응용연구 (0)
7. 한국 SCM 학회지 (0)"
2021,재료·에너지공학,308,"1. 한국염색가공학회지 (0.5)
2. 한국태양에너지학회 논문집 (0.3889)
3. 에너지공학 (0.3671)
4. 한국압력기기공학회 논문집 (0.1463)
5. Current Photovoltaic Research (0.0476)
6. 소성·가공 (0)
7. 신·재생에너지 (0)
8. 태양에너지 (0)
9. 한국태양광발전학회지 (0)"
2021,전기전자공학,3697,"1. 멀티미디어학회논문지 (0.6355)
2. 한국인터넷방송통신학회 논문지 (0.5718)
3. 한국지능시스템학회 논문지 (0.5168)
4. 한국정보기술학회논문지 (0.5027)
5. 한국정보통신학회논문지 (0.5)
6. 한국정보전자통신기술학회 논문지 (0.497)
7. 로봇학회 논문지 (0.4845)
8. The International Journal of Advanced Smart Convergence (0.4409)
9. 한국도시철도학회논문집 (0.4375)
10. 전자공학회논문지 (0.3206)
11. 한국통신학회논문지 (0.3039)
12. 전기전자학회논문지 (0.2843)
13. 전기학회논문지 (0.284)
14. 한국가시화정보학회지 (0.1639)
15. IEIE Transactions on Smart Processing & Computing (0.1333)
16. JOURNAL OF SEMICONDUCTOR TECHNOLOGY AND SCIENCE (0.1216)
17. Broadcasting and Communication (0)
18. INTERNATIONAL JOURNAL of FUZZY LOGIC and INTELLIGENT SYSTEMS (0)
19. International JOURNAL OF CONTENTS (0)
20. Journal of Electromagnetic Engineering And Science (0)
21. Journal of information and communication convergence engineering (0)
22. The International Journal of Internet (0)
23. 로봇과 인간 (0)
24. 방송공학회논문지 (0)
25. 방송과 미디어 (0)
26. 전기의세계 (0)
27. 전기학회논문지 P (0)
28. 전력전자학회논문지 (0)
29. 전력전자학회지 (0)
30. 전자공학회지 (0)
31. 전자파기술 (0)
32. 제어로봇시스템학회 논문지 (0)
33. 제어로봇시스템학회지 (0)
34. 조명·전기설비 (0)
35. 조명·전기설비학회논문지 (0)
36. 한국전자파학회논문지 (0)
37. 한국전지학회지 (0)
38. 한국정보기술학회지 (0)
39. 한국통신학회지(정보와통신) (0)"
2021,조선해양공학,208,"1. 한국해양공학회지 (0.5344)
2. 대한조선학회 논문집 (0.4757)
3. 대한조선학회지 (0)
4. 한국해양환경·에너지학회지 (0)"
2021,컴퓨터학,1327,"1. 디지털콘텐츠학회논문지 (1.3661)
2. 한국전자거래학회지 (1.3636)
3. 디지털포렌식연구 (0.8136)
4. 한국컴퓨터정보학회논문지 (0.6184)
5. 정보보호학회논문지 (0.4868)
6. 정보과학회 컴퓨팅의 실제 논문지 (0.2024)
7. 정보기술융합공학논문지 (0.0714)
8. JOURNAL OF PLATFORM TECHNOLOGY (0)
9. Journal of Computing Science and Engineering (0)
10. Journal of KIISE (0)
11. The Journal of Contents Computing (0)
12. 정보과학회지 (0)
13. 정보보호학회지 (0)
14. 컴퓨터그래픽스학회논문지 (0)
15. 한국컴퓨터정보학회지 (0)"
2021,화학공학,333,"1. KSBB Journal (0.4066)
2. 폴리머 (0.3551)
3. BT NEWS (0)
4. 고분자 과학과 기술 (0)
5. 청정기술 (0)"
2022,건축공학,2333,"1. 국토계획 (1.2651)
2. 대한공간정보학회지 (0.8933)
3. 한국자원공학회지 (0.8667)
4. 터널과 지하공간 (0.6543)
5. 대한건축학회논문집 (0.65)
6. 한국측량학회지 (0.6364)
7. 한국해안·해양공학회논문집 (0.6304)
8. 대한환경공학회지 (0.6165)
9. KIEAE Journal (0.5698)
10. 한국지반공학회논문집 (0.5528)
11. 한국강구조학회 논문집 (0.5062)
12. 한국건축친환경설비학회 논문집 (0.442)
13. 콘크리트학회 논문집 (0.4333)
14. 한국지열·수열에너지학회논문집 (0.4194)
15. 한국지반환경공학회 논문집 (0.3944)
16. 한국가스학회지 (0.354)
17. 한국지반신소재학회 논문집 (0.2632)
18. Environmental Engineering Research (0.2391)
19. International Journal of Concrete Structures and Materials (0.2182)
20. ARCHITECTURAL RESEARCH (0)
21. 건축과사회 (0)
22. 건축환경설비 (0)
23. 대한토목학회지 (0)
24. 도시정보 (0)
25. 지반(한국지반공학회지) (0)
26. 지반환경 (0)
27. 콘크리트학회지 (0)
28. 한국강구조학회지 (0)
29. 한국건설순환자원학회논문집 (0)
30. 한국지반신소재학회지 (0)
31. 환경논총 (0)"
2022,공학 일반,1090,"1. 한국산업정보학회논문지 (1.1204)
2. 센서학회지 (0.2215)
3. 한국산학기술학회 논문지 (0)"
2022,기계공학,2591,"1. 한국CDE학회 논문집 (0.766)
2. 에너지기후변화학회지 (0.6875)
3. 한국수소및신에너지학회논문집 (0.6533)
4. 기술과 교육 (0.5517)
5. 비파괴검사학회지 (0.4889)
6. 한국연소학회지 (0.449)
7. 한국소음진동공학회논문집 (0.415)
8. 자동차안전학회지 (0.4133)
9. 동력시스템공학회지 (0.3776)
10. International Journal of Fluid Machinery and Systems (0.3774)
11. 한국생산제조학회지 (0.3681)
12. 한국기계가공학회지 (0.3497)
13. 한국항공우주학회지 (0.3165)
14. 한국추진공학회지 (0.3115)
15. 한국전산유체공학회지 (0.2632)
16. 항공우주시스템공학회지 (0.2632)
17. 한국표면공학회지 (0.2525)
18. 한국유체기계학회 논문집 (0.2289)
19. 환경에너지공학 (0.1304)
20. International Journal of Aerospace System Engineering (0)
21. Journal of Advanced Marine Engineering and Technology (JAMET) (0)
22. Journal of Propulsion and Energy (0)
23. Journal of the Korean Society for Precision Engineering (0)
24. Tribology and Lubricants (0)
25. 기계기술정책 정책지 (0)
26. 기계산업연구 (0)
27. 기계저널 (0)
28. 대한기계학회 논문집 A권 (0)
29. 대한기계학회 논문집 B권 (0)
30. 대한용접·접합학회지 (0)
31. 드라이브·컨트롤 (0)
32. 설비공학논문집 (0)
33. 설비저널 (0)
34. 소음·진동 (0)
35. 오토저널 (0)
36. 한국자동차공학회논문집 (0)
37. 항공우주산업기술동향 (0)
38. 항공진흥 (0)"
2022,기타 공학,418,"1. 대한교통학회지 (1.2222)
2. 재활복지공학회논문지 (0.3898)
3. 교통기술과정책 (0)
4. 철도저널 (0)
5. 한국게임학회 논문지 (0)
6. 한국위험물학회지 (0)
7. 한국철도학회 논문집 (0)"
2022,산업공학,301,"1. 지능정보연구 (1.9016)
2. 대한인간공학회지 (0.4783)
3. 대한산업공학회지 (0.3793)
4. Industrial Engineering & Management Systems (0.205)
5. 신뢰성응용연구 (0)
6. 한국 SCM 학회지 (0)"
2022,재료·에너지공학,299,"1. 한국태양에너지학회 논문집 (0.5098)
2. 에너지공학 (0.4634)
3. 한국염색가공학회지 (0.3889)
4. 한국압력기기공학회 논문집 (0.2564)
5. Current Photovoltaic Research (0.0976)
6. 소성·가공 (0)
7. 신·재생에너지 (0)
8. 태양에너지 (0)
9. 한국태양광발전학회지 (0)"
2022,전기전자공학,3741,"1. 한국지능시스템학회 논문지 (0.7361)
2. 멀티미디어학회논문지 (0.6535)
3. 한국도시철도학회논문집 (0.6379)
4. 로봇학회 논문지 (0.5745)
5. 한국정보기술학회논문지 (0.5565)
6. 한국정보통신학회논문지 (0.5549)
7. 한국인터넷방송통신학회 논문지 (0.5074)
8. 한국정보전자통신기술학회 논문지 (0.4643)
9. 전기학회논문지 (0.3551)
10. 한국통신학회논문지 (0.3351)
11. The International Journal of Advanced Smart Convergence (0.3084)
12. 전자공학회논문지 (0.2761)
13. 전기전자학회논문지 (0.2465)
14. 한국가시화정보학회지 (0.1324)
15. JOURNAL OF SEMICONDUCTOR TECHNOLOGY AND SCIENCE (0.1231)
16. IEIE Transactions on Smart Processing & Computing (0.0781)
17. Broadcasting and Communication (0)
18. INTERNATIONAL JOURNAL of FUZZY LOGIC and INTELLIGENT SYSTEMS (0)
19. International JOURNAL OF CONTENTS (0)
20. Journal of Electromagnetic Engineering And Science (0)
21. Journal of information and communication convergence engineering (0)
22. The International Journal of Internet (0)
23. 국방로봇학회 논문집 (0)
24. 로봇과 인간 (0)
25. 방송공학회논문지 (0)
26. 방송과 미디어 (0)
27. 전기의세계 (0)
28. 전기학회논문지 P (0)
29. 전력전자학회논문지 (0)
30. 전력전자학회지 (0)
31. 전자공학회지 (0)
32. 전자파기술 (0)
33. 제어로봇시스템학회 논문지 (0)
34. 제어로봇시스템학회지 (0)
35. 조명·전기설비 (0)
36. 조명·전기설비학회논문지 (0)
37. 한국전자파학회논문지 (0)
38. 한국전지학회지 (0)
39. 한국정보기술학회지 (0)
40. 한국통신학회지(정보와통신) (0)"
2022,조선해양공학,241,"1. 대한조선학회 논문집 (0.4526)
2. 한국해양공학회지 (0.4271)
3. 대한조선학회지 (0)
4. 한국해양환경·에너지학회지 (0)"
2022,컴퓨터학,1338,"1. 디지털콘텐츠학회논문지 (1.4819)
2. 한국전자거래학회지 (1.3611)
3. 한국컴퓨터정보학회논문지 (0.6945)
4. 디지털포렌식연구 (0.6494)
5. 정보보호학회논문지 (0.3925)
6. 정보과학회 컴퓨팅의 실제 논문지 (0.2722)
7. JOURNAL OF PLATFORM TECHNOLOGY (0)
8. Journal of Computing Science and Engineering (0)
9. Journal of KIISE (0)
10. The Journal of Contents Computing (0)
11. 정보과학회지 (0)
12. 정보보호학회지 (0)
13. 컴퓨터그래픽스학회논문지 (0)
14. 한국컴퓨터정보학회지 (0)"
2022,화학공학,307,"1. KSBB Journal (0.3333)
2. 폴리머 (0.3136)
3. BT NEWS (0)
4. 고분자 과학과 기술 (0)
5. 청정기술 (0)"
2023,건축공학,2301,"1. 국토계획 (1.2321)
2. 대한환경공학회지 (1.1938)
3. 한국측량학회지 (0.7222)
4. 대한공간정보학회지 (0.6462)
5. 한국강구조학회 논문집 (0.6)
6. 대한건축학회논문집 (0.5692)
7. KIEAE Journal (0.5338)
8. 터널과 지하공간 (0.5301)
9. 한국지반공학회논문집 (0.5)
10. 콘크리트학회 논문집 (0.448)
11. 한국자원공학회지 (0.4298)
12. 한국건축친환경설비학회 논문집 (0.4286)
13. 한국지반환경공학회 논문집 (0.3765)
14. 한국해안·해양공학회논문집 (0.3472)
15. 한국지반신소재학회 논문집 (0.3167)
16. International Journal of Concrete Structures and Materials (0.3143)
17. 한국가스학회지 (0.3069)
18. Environmental Engineering Research (0.2292)
19. 한국지열·수열에너지학회논문집 (0.2258)
20. ARCHITECTURAL RESEARCH (0)
21. 건축과사회 (0)
22. 건축환경설비 (0)
23. 대한토목학회지 (0)
24. 도시정보 (0)
25. 지반(한국지반공학회지) (0)
26. 지반환경 (0)
27. 콘크리트학회지 (0)
28. 한국강구조학회지 (0)
29. 한국건설순환자원학회논문집 (0)
30. 한국지반신소재학회지 (0)
31. 환경논총 (0)"
2023,공학 일반,1067,"1. 한국산업정보학회논문지 (1.4017)
2. 센서학회지 (0.1342)
3. 한국산학기술학회 논문지 (0)"
2023,기계공학,2565,"1. 한국연소학회지 (1.0851)
2. 한국CDE학회 논문집 (1.0097)
3. 한국수소및신에너지학회논문집 (0.625)
4. 한국소음진동공학회논문집 (0.5175)
5. 비파괴검사학회지 (0.4149)
6. 한국항공우주학회지 (0.4038)
7. 한국생산제조학회지 (0.3431)
8. 자동차안전학회지 (0.337)
9. 동력시스템공학회지 (0.3277)
10. 한국추진공학회지 (0.3273)
11. 한국기계가공학회지 (0.3101)
12. 항공우주시스템공학회지 (0.3094)
13. 한국전산유체공학회지 (0.2957)
14. 한국유체기계학회 논문집 (0.2877)
15. 에너지기후변화학회지 (0.2821)
16. 한국표면공학회지 (0.2212)
17. 기술과 교육 (0.1351)
18. International Journal of Aerospace System Engineering (0)
19. International Journal of Fluid Machinery and Systems (0)
20. Journal of Advanced Marine Engineering and Technology (JAMET) (0)
21. Journal of the Korean Society for Precision Engineering (0)
22. Tribology and Lubricants (0)
23. 기계기술정책 정책지 (0)
24. 기계산업연구 (0)
25. 기계저널 (0)
26. 대한기계학회 논문집 A권 (0)
27. 대한기계학회 논문집 B권 (0)
28. 대한용접·접합학회지 (0)
29. 드라이브·컨트롤 (0)
30. 설비공학논문집 (0)
31. 설비저널 (0)
32. 소음·진동 (0)
33. 오토저널 (0)
34. 한국자동차공학회논문집 (0)
35. 항공우주산업기술동향 (0)
36. 항공진흥 (0)
37. 환경에너지공학 (0)"
2023,기타 공학,386,"1. 대한교통학회지 (1.2333)
2. 한국위험물학회지 (0.4667)
3. 재활복지공학회논문지 (0.3571)
4. 교통기술과정책 (0)
5. 철도저널 (0)
6. 한국게임학회 논문지 (0)
7. 한국철도학회 논문집 (0)"
2023,산업공학,299,"1. 지능정보연구 (2.0968)
2. 대한산업공학회지 (0.4636)
3. 대한인간공학회지 (0.3902)
4. Industrial Engineering & Management Systems (0.1176)
5. 신뢰성응용연구 (0)
6. 한국 SCM 학회지 (0)"
2023,재료·에너지공학,303,"1. 한국태양에너지학회 논문집 (0.6417)
2. 에너지공학 (0.3457)
3. Current Photovoltaic Research (0.3415)
4. 한국압력기기공학회 논문집 (0.1379)
5. 소성·가공 (0)
6. 신·재생에너지 (0)
7. 태양에너지 (0)
8. 한국염색가공학회지 (0)
9. 한국태양광발전학회지 (0)"
2023,전기전자공학,3623,"1. 멀티미디어학회논문지 (0.5965)
2. 한국정보기술학회논문지 (0.5576)
3. 한국지능시스템학회 논문지 (0.5556)
4. 한국정보통신학회논문지 (0.5382)
5. 한국인터넷방송통신학회 논문지 (0.511)
6. The International Journal of Advanced Smart Convergence (0.4128)
7. 한국도시철도학회논문집 (0.4032)
8. 로봇학회 논문지 (0.3981)
9. 전기학회논문지 (0.3933)
10. 한국정보전자통신기술학회 논문지 (0.3821)
11. 한국가시화정보학회지 (0.3333)
12. 한국통신학회논문지 (0.3116)
13. 전기전자학회논문지 (0.2156)
14. 전자공학회논문지 (0.1924)
15. JOURNAL OF SEMICONDUCTOR TECHNOLOGY AND SCIENCE (0.1802)
16. IEIE Transactions on Smart Processing & Computing (0.1654)
17. Broadcasting and Communication (0)
18. INTERNATIONAL JOURNAL of FUZZY LOGIC and INTELLIGENT SYSTEMS (0)
19. International JOURNAL OF CONTENTS (0)
20. Journal of Electromagnetic Engineering And Science (0)
21. Journal of information and communication convergence engineering (0)
22. The International Journal of Internet (0)
23. 국방로봇학회 논문집 (0)
24. 로봇과 인간 (0)
25. 방송공학회논문지 (0)
26. 방송과 미디어 (0)
27. 전기의세계 (0)
28. 전기학회논문지 P (0)
29. 전력전자학회논문지 (0)
30. 전력전자학회지 (0)
31. 전자공학회지 (0)
32. 전자파기술 (0)
33. 제어로봇시스템학회 논문지 (0)
34. 제어로봇시스템학회지 (0)
35. 조명·전기설비 (0)
36. 조명·전기설비학회논문지 (0)
37. 한국전자파학회논문지 (0)
38. 한국전지학회지 (0)
39. 한국정보기술학회지 (0)
40. 한국통신학회지(정보와통신) (0)"
2023,조선해양공학,241,"1. 한국해양공학회지 (0.5063)
2. 대한조선학회 논문집 (0.4902)
3. 대한조선학회지 (0)
4. 한국해양환경·에너지학회지 (0)"
2023,컴퓨터학,1416,"1. 디지털콘텐츠학회논문지 (1.5979)
2. 한국전자거래학회지 (1.4286)
3. 디지털포렌식연구 (0.7283)
4. 한국컴퓨터정보학회논문지 (0.6506)
5. 정보보호학회논문지 (0.4804)
6. 정보과학회 컴퓨팅의 실제 논문지 (0.3292)
7. JOURNAL OF PLATFORM TECHNOLOGY (0)
8. Journal of Computing Science and Engineering (0)
9. Journal of KIISE (0)
10. The Journal of Contents Computing (0)
11. 정보과학회지 (0)
12. 정보보호학회지 (0)
13. 컴퓨터그래픽스학회논문지 (0)
14. 한국컴퓨터정보학회지 (0)"
2023,화학공학,301,"1. KSBB Journal (0.339)
2. 폴리머 (0.2009)
3. BT NEWS (0)
4. 고분자 과학과 기술 (0)
5. 청정기술 (0)"
2024,건축공학,2345,"1. 대한환경공학회지 (1.7647)
2. 국토계획 (1.2467)
3. 대한공간정보학회지 (0.8182)
4. 터널과 지하공간 (0.6386)
5. 대한건축학회논문집 (0.637)
6. 한국측량학회지 (0.5736)
7. KIEAE Journal (0.5625)
8. 한국강구조학회 논문집 (0.5185)
9. 한국지반공학회논문집 (0.4844)
10. 콘크리트학회 논문집 (0.4435)
11. 한국해안·해양공학회논문집 (0.4423)
12. 한국자원공학회지 (0.433)
13. 한국가스학회지 (0.4314)
14. 한국건축친환경설비학회 논문집 (0.3846)
15. Environmental Engineering Research (0.3167)
16. 한국지반신소재학회 논문집 (0.2571)
17. 한국지열·수열에너지학회논문집 (0.2174)
18. International Journal of Concrete Structures and Materials (0.189)
19. 한국지반환경공학회 논문집 (0.1702)
20. ARCHITECTURAL RESEARCH (0)
21. 건축과사회 (0)
22. 건축환경설비 (0)
23. 대한토목학회지 (0)
24. 도시정보 (0)
25. 지반(한국지반공학회지) (0)
26. 지반환경 (0)
27. 콘크리트학회지 (0)
28. 한국강구조학회지 (0)
29. 한국건설순환자원학회논문집 (0)
30. 한국지반신소재학회지 (0)
31. 환경논총 (0)"
2024,공학 일반,1155,"1. 한국산업정보학회논문지 (1.252)
2. 센서학회지 (0.1103)
3. 한국산학기술학회 논문지 (0)"
2024,기계공학,2611,"1. 한국수소및신에너지학회논문집 (0.8315)
2. 한국연소학회지 (0.7556)
3. 한국CDE학회 논문집 (0.6944)
4. 에너지기후변화학회지 (0.4889)
5. 자동차안전학회지 (0.4875)
6. 한국전산유체공학회지 (0.4474)
7. 한국항공우주학회지 (0.4)
8. 비파괴검사학회지 (0.3627)
9. 한국생산제조학회지 (0.3276)
10. 항공우주시스템공학회지 (0.3182)
11. 한국소음진동공학회논문집 (0.3125)
12. 환경에너지공학 (0.2903)
13. 한국기계가공학회지 (0.2877)
14. 한국추진공학회지 (0.2826)
15. 동력시스템공학회지 (0.2605)
16. 한국유체기계학회 논문집 (0.2169)
17. 기술과 교육 (0.1944)
18. 한국표면공학회지 (0.1845)
19. International Journal of Aerospace System Engineering (0)
20. International Journal of Fluid Machinery and Systems (0)
21. Journal of Advanced Marine Engineering and Technology (JAMET) (0)
22. Journal of Propulsion and Energy (0)
23. Journal of the Korean Society for Precision Engineering (0)
24. Tribology and Lubricants (0)
25. 기계기술정책 정책지 (0)
26. 기계산업연구 (0)
27. 기계저널 (0)
28. 대한기계학회 논문집 A권 (0)
29. 대한기계학회 논문집 B권 (0)
30. 대한용접·접합학회지 (0)
31. 드라이브·컨트롤 (0)
32. 설비공학논문집 (0)
33. 설비저널 (0)
34. 소음·진동 (0)
35. 오토저널 (0)
36. 한국자동차공학회논문집 (0)
37. 항공우주산업기술동향 (0)"
2024,기타 공학,404,"1. 대한교통학회지 (1.0727)
2. 한국위험물학회지 (0.5588)
3. 재활복지공학회논문지 (0.3913)
4. 교통기술과정책 (0)
5. 철도저널 (0)
6. 한국게임학회 논문지 (0)
7. 한국철도학회 논문집 (0)"
2024,산업공학,279,"1. 지능정보연구 (1.7622)
2. 대한산업공학회지 (0.4231)
3. 대한인간공학회지 (0.4022)
4. Industrial Engineering & Management Systems (0.134)
5. 신뢰성응용연구 (0)
6. 한국 SCM 학회지 (0)"
2024,재료·에너지공학,277,"1. 한국태양에너지학회 논문집 (0.5182)
2. Current Photovoltaic Research (0.4186)
3. 에너지공학 (0.2289)
4. 한국압력기기공학회 논문집 (0.1471)
5. 소성·가공 (0)
6. 신·재생에너지 (0)
7. 태양에너지 (0)
8. 한국태양광발전학회지 (0)"
2024,전기전자공학,3870,"1. 한국정보기술학회논문지 (0.632)
2. 한국정보전자통신기술학회 논문지 (0.5039)
3. 멀티미디어학회논문지 (0.5015)
4. 한국지능시스템학회 논문지 (0.4722)
5. 로봇학회 논문지 (0.4444)
6. 한국정보통신학회논문지 (0.4177)
7. 한국도시철도학회논문집 (0.4043)
8. The International Journal of Advanced Smart Convergence (0.3992)
9. 한국통신학회논문지 (0.3452)
10. 전기학회논문지 (0.3194)
11. 전자공학회논문지 (0.2639)
12. 한국가시화정보학회지 (0.25)
13. JOURNAL OF SEMICONDUCTOR TECHNOLOGY AND SCIENCE (0.1771)
14. 전기전자학회논문지 (0.16)
15. IEIE Transactions on Smart Processing & Computing (0.1)
16. Broadcasting and Communication (0)
17. INTERNATIONAL JOURNAL of FUZZY LOGIC and INTELLIGENT SYSTEMS (0)
18. International JOURNAL OF CONTENTS (0)
19. Journal of Electromagnetic Engineering And Science (0)
20. Journal of information and communication convergence engineering (0)
21. The International Journal of Internet (0)
22. 국방로봇학회 논문집 (0)
23. 로봇과 인간 (0)
24. 방송공학회논문지 (0)
25. 방송과 미디어 (0)
26. 전기의세계 (0)
27. 전력전자학회논문지 (0)
28. 전력전자학회지 (0)
29. 전자공학회지 (0)
30. 전자파기술 (0)
31. 제어로봇시스템학회 논문지 (0)
32. 제어로봇시스템학회지 (0)
33. 조명·전기설비 (0)
34. 조명·전기설비학회논문지 (0)
35. 한국인터넷방송통신학회 논문지 (0)
36. 한국전자파학회논문지 (0)
37. 한국전지학회지 (0)
38. 한국정보기술학회지 (0)
39. 한국통신학회지(정보와통신) (0)"
2024,조선해양공학,240,"1. 한국해양공학회지 (0.6818)
2. 대한조선학회 논문집 (0.6337)
3. 대한조선학회지 (0)
4. 한국해양환경·에너지학회지 (0)"
2024,컴퓨터학,1509,"1. 한국전자거래학회지 (1.5846)
2. 디지털콘텐츠학회논문지 (1.2781)
3. 한국컴퓨터정보학회논문지 (0.8149)
4. 디지털포렌식연구 (0.7191)
5. 정보보호학회논문지 (0.4136)
6. 정보과학회 컴퓨팅의 실제 논문지 (0.2515)
7. JOURNAL OF PLATFORM TECHNOLOGY (0)
8. Journal of Computing Science and Engineering (0)
9. Journal of KIISE (0)
10. 정보과학회지 (0)
11. 정보보호학회지 (0)
12. 컴퓨터그래픽스학회논문지 (0)
13. 한국컴퓨터정보학회지 (0)"
2024,화학공학,275,"1. 폴리머 (0.1893)
2. KSBB Journal (0.16)
3. BT NEWS (0)
4. 고분자 과학과 기술 (0)
5. 청정기술 (0)"
2025,건축공학,2083,"1. 대한환경공학회지 (1.7647)
2. 국토계획 (1.2467)
3. 대한공간정보학회지 (0.8182)
4. 터널과 지하공간 (0.6386)
5. 대한건축학회논문집 (0.637)
6. 한국측량학회지 (0.5736)
7. KIEAE Journal (0.5625)
8. 한국강구조학회 논문집 (0.5185)
9. 한국지반공학회논문집 (0.4844)
10. 콘크리트학회 논문집 (0.4435)
11. 한국해안·해양공학회논문집 (0.4423)
12. 한국자원공학회지 (0.433)
13. 한국가스학회지 (0.4314)
14. 한국건축친환경설비학회 논문집 (0.3846)
15. Environmental Engineering Research (0.3167)
16. 한국지반신소재학회 논문집 (0.2571)
17. 한국지열·수열에너지학회논문집 (0.2174)
18. International Journal of Concrete Structures and Materials (0.189)
19. 한국지반환경공학회 논문집 (0.1702)
20. ARCHITECTURAL RESEARCH (0)
21. 건축환경설비 (0)
22. 대한토목학회지 (0)
23. 도시정보 (0)
24. 지반(한국지반공학회지) (0)
25. 지반환경 (0)
26. 콘크리트학회지 (0)
27. 한국강구조학회지 (0)
28. 한국건설순환자원학회논문집 (0)
29. 환경논총 (0)"
2025,공학 일반,1129,"1. 한국산업정보학회논문지 (1.252)
2. 센서학회지 (0.1103)
3. 한국산학기술학회 논문지 (0)"
2025,기계공학,2264,"1. 한국수소및신에너지학회논문집 (0.8315)
2. 한국연소학회지 (0.7556)
3. 한국CDE학회 논문집 (0.6944)
4. 에너지기후변화학회지 (0.4889)
5. 자동차안전학회지 (0.4875)
6. 한국전산유체공학회지 (0.4474)
7. 한국항공우주학회지 (0.4)
8. 비파괴검사학회지 (0.3627)
9. 한국생산제조학회지 (0.3276)
10. 항공우주시스템공학회지 (0.3182)
11. 한국소음진동공학회논문집 (0.3125)
12. 환경에너지공학 (0.2903)
13. 한국기계가공학회지 (0.2877)
14. 한국추진공학회지 (0.2826)
15. 동력시스템공학회지 (0.2605)
16. 한국유체기계학회 논문집 (0.2169)
17. 기술과 교육 (0.1944)
18. 한국표면공학회지 (0.1845)
19. International Journal of Aerospace System Engineering (0)
20. International Journal of Fluid Machinery and Systems (0)
21. Journal of Advanced Marine Engineering and Technology (JAMET) (0)
22. Journal of Propulsion and Energy (0)
23. Journal of the Korean Society for Precision Engineering (0)
24. Tribology and Lubricants (0)
25. 기계산업연구 (0)
26. 기계저널 (0)
27. 대한기계학회 논문집 A권 (0)
28. 대한기계학회 논문집 B권 (0)
29. 대한용접·접합학회지 (0)
30. 드라이브·컨트롤 (0)
31. 설비공학논문집 (0)
32. 설비저널 (0)
33. 소음·진동 (0)
34. 오토저널 (0)
35. 우주항공리뷰 (0)
36. 한국자동차공학회논문집 (0)
37. 항공우주산업기술동향 (0)"
2025,기타 공학,329,"1. 대한교통학회지 (1.0727)
2. 한국위험물학회지 (0.5588)
3. 재활복지공학회논문지 (0.3913)
4. 교통기술과정책 (0)
5. 철도저널 (0)
6. 한국게임학회 논문지 (0)
7. 한국철도학회 논문집 (0)"
2025,산업공학,224,"1. 지능정보연구 (1.7622)
2. 대한산업공학회지 (0.4231)
3. 대한인간공학회지 (0.4022)
4. Industrial Engineering & Management Systems (0.134)
5. 신뢰성응용연구 (0)
6. 한국 SCM 학회지 (0)"
2025,재료·에너지공학,221,"1. 한국태양에너지학회 논문집 (0.5182)
2. Current Photovoltaic Research (0.4186)
3. 에너지공학 (0.2289)
4. 한국압력기기공학회 논문집 (0.1471)
5. 소성·가공 (0)
6. 신·재생에너지 (0)
7. 태양에너지 (0)
8. 한국태양광발전학회지 (0)"
2025,전기전자공학,3324,"1. 한국정보기술학회논문지 (0.632)
2. 한국정보전자통신기술학회 논문지 (0.5039)
3. 멀티미디어학회논문지 (0.5015)
4. 한국지능시스템학회 논문지 (0.4722)
5. 로봇학회 논문지 (0.4444)
6. 한국정보통신학회논문지 (0.4177)
7. 한국도시철도학회논문집 (0.4043)
8. The International Journal of Advanced Smart Convergence (0.3992)
9. 한국통신학회논문지 (0.3452)
10. 전기학회논문지 (0.3194)
11. 전자공학회논문지 (0.2639)
12. 한국가시화정보학회지 (0.25)
13. JOURNAL OF SEMICONDUCTOR TECHNOLOGY AND SCIENCE (0.1771)
14. 전기전자학회논문지 (0.16)
15. IEIE Transactions on Smart Processing & Computing (0.1)
16. Broadcasting and Communication (0)
17. INTERNATIONAL JOURNAL of FUZZY LOGIC and INTELLIGENT SYSTEMS (0)
18. International JOURNAL OF CONTENTS (0)
19. Journal of Electromagnetic Engineering And Science (0)
20. Journal of information and communication convergence engineering (0)
21. The International Journal of Internet (0)
22. 국방로봇학회 논문집 (0)
23. 로봇과 인간 (0)
24. 방송공학회논문지 (0)
25. 방송과 미디어 (0)
26. 전기의세계 (0)
27. 전력전자학회논문지 (0)
28. 전력전자학회지 (0)
29. 전자공학회지 (0)
30. 전자파기술 (0)
31. 제어로봇시스템학회 논문지 (0)
32. 제어로봇시스템학회지 (0)
33. 조명·전기설비 (0)
34. 조명·전기설비학회논문지 (0)
35. 한국인터넷방송통신학회 논문지 (0)
36. 한국전자파학회논문지 (0)
37. 한국전지학회지 (0)
38. 한국통신학회지(정보와통신) (0)"
2025,조선해양공학,256,"1. 한국해양공학회지 (0.6818)
2. 대한조선학회 논문집 (0.6337)
3. 대한조선학회지 (0)
4. 한국해양환경·에너지학회지 (0)"
2025,컴퓨터학,1241,"1. 한국전자거래학회지 (1.5846)
2. 디지털콘텐츠학회논문지 (1.2781)
3. 한국컴퓨터정보학회논문지 (0.8149)
4. 디지털포렌식연구 (0.7191)
5. 정보보호학회논문지 (0.4136)
6. 정보과학회 컴퓨팅의 실제 논문지 (0.2515)
7. JOURNAL OF PLATFORM TECHNOLOGY (0)
8. Journal of Computing Science and Engineering (0)
9. Journal of KIISE (0)
10. 정보과학회지 (0)
11. 정보보호학회지 (0)
12. 컴퓨터그래픽스학회논문지 (0)"
2025,화학공학,228,"1. 폴리머 (0.1893)
2. KSBB Journal (0.16)
3. BT NEWS (0)
4. 고분자 과학과 기술 (0)
5. 청정기술 (0)"
