Rank,Year,Class_Name,Author_ID,Author_Name,Total_Papers,Total_Trend_Score,Paper_List_Details
1,2022,기타 공학,240692942,김용규,2,0.474576,"[공동접지망으로 건물 철근 구조체를 사용한 신호기계실의 접지전류 특성]
   └ 학회: 한국철도학회 (IF: 0.45)
--------------------------------
[건물 철근 구조체를 적용한 신호기계실 공동접지망 개량 효과 분석]
   └ 학회: 한국철도학회 (IF: 0.45)"
2,2022,기타 공학,511550133,윤용기,2,0.474576,"[공동접지망으로 건물 철근 구조체를 사용한 신호기계실의 접지전류 특성]
   └ 학회: 한국철도학회 (IF: 0.45)
--------------------------------
[건물 철근 구조체를 적용한 신호기계실 공동접지망 개량 효과 분석]
   └ 학회: 한국철도학회 (IF: 0.45)"
3,2022,기타 공학,232711,김성진,2,0.474576,"[공동접지망으로 건물 철근 구조체를 사용한 신호기계실의 접지전류 특성]
   └ 학회: 한국철도학회 (IF: 0.45)
--------------------------------
[건물 철근 구조체를 적용한 신호기계실 공동접지망 개량 효과 분석]
   └ 학회: 한국철도학회 (IF: 0.45)"
4,2022,기타 공학,650356713,김정태,2,0.474576,"[공동접지망으로 건물 철근 구조체를 사용한 신호기계실의 접지전류 특성]
   └ 학회: 한국철도학회 (IF: 0.45)
--------------------------------
[건물 철근 구조체를 적용한 신호기계실 공동접지망 개량 효과 분석]
   └ 학회: 한국철도학회 (IF: 0.45)"
5,2022,기타 공학,264670349,박채옥,2,0.474576,"[공동접지망으로 건물 철근 구조체를 사용한 신호기계실의 접지전류 특성]
   └ 학회: 한국철도학회 (IF: 0.45)
--------------------------------
[건물 철근 구조체를 적용한 신호기계실 공동접지망 개량 효과 분석]
   └ 학회: 한국철도학회 (IF: 0.45)"
6,2022,기타 공학,518079249,신영인,2,0.474576,"[공동접지망으로 건물 철근 구조체를 사용한 신호기계실의 접지전류 특성]
   └ 학회: 한국철도학회 (IF: 0.45)
--------------------------------
[건물 철근 구조체를 적용한 신호기계실 공동접지망 개량 효과 분석]
   └ 학회: 한국철도학회 (IF: 0.45)"
7,2022,기타 공학,311607064,장승호,3,0.35253999999999996,"[휠플랫에 의한 차륜 및 레일 접촉력 수치해석 연구]
   └ 학회: 한국철도학회 (IF: 0.45)
--------------------------------
[휠플랫에 의한 차륜 및 레일 소음원 파워 수치해석 연구]
   └ 학회: 한국철도학회 (IF: 0.45)
--------------------------------
[통계에너지해석을 이용한 철도차량 압출패널의 구조음향 성능 해석]
   └ 학회: 한국철도학회 (IF: 0.45)"
8,2022,기타 공학,594381340,윤혁진,4,0.311861,"[열차풍 환경의 드론 조종성능 시험장치 구축]
   └ 학회: 한국철도학회 (IF: 0.45)
--------------------------------
[드론의 선로변 전자기파 내성 시험장치 구축]
   └ 학회: 한국철도학회 (IF: 0.45)
--------------------------------
[철도시설물 무인 자동화 점검용 드론의 내풍성 평가 연구]
   └ 학회: 한국철도학회 (IF: 0.45)
--------------------------------
[자율주행 대중교통 차량의 공사 영역 침범 방지를 위한 인지 기술]
   └ 학회: 한국철도학회 (IF: 0.45)"
9,2022,기타 공학,4022953,김대현,4,0.311861,"[열차풍 환경의 드론 조종성능 시험장치 구축]
   └ 학회: 한국철도학회 (IF: 0.45)
--------------------------------
[드론의 선로변 전자기파 내성 시험장치 구축]
   └ 학회: 한국철도학회 (IF: 0.45)
--------------------------------
[철도시설물 무인 자동화 점검용 드론의 내풍성 평가 연구]
   └ 학회: 한국철도학회 (IF: 0.45)
--------------------------------
[자율주행 대중교통 차량의 공사 영역 침범 방지를 위한 인지 기술]
   └ 학회: 한국철도학회 (IF: 0.45)"
10,2022,기타 공학,747094260,박찬호,4,0.311861,"[열차풍 환경의 드론 조종성능 시험장치 구축]
   └ 학회: 한국철도학회 (IF: 0.45)
--------------------------------
[드론의 선로변 전자기파 내성 시험장치 구축]
   └ 학회: 한국철도학회 (IF: 0.45)
--------------------------------
[철도시설물 무인 자동화 점검용 드론의 내풍성 평가 연구]
   └ 학회: 한국철도학회 (IF: 0.45)
--------------------------------
[자율주행 대중교통 차량의 공사 영역 침범 방지를 위한 인지 기술]
   └ 학회: 한국철도학회 (IF: 0.45)"
11,2022,기타 공학,722927221,권세곤,2,0.257624,"[와전류 탐상을 이용한 Squat 결함의 진전율 평가]
   └ 학회: 한국철도학회 (IF: 0.45)
--------------------------------
[Squat 결함의 매개변수 분석을 통한 국내 선로별 피로수명평가]
   └ 학회: 한국철도학회 (IF: 0.45)"
12,2022,기타 공학,542855395,서종민,2,0.257624,"[와전류 탐상을 이용한 Squat 결함의 진전율 평가]
   └ 학회: 한국철도학회 (IF: 0.45)
--------------------------------
[Squat 결함의 매개변수 분석을 통한 국내 선로별 피로수명평가]
   └ 학회: 한국철도학회 (IF: 0.45)"
13,2022,기타 공학,288861319,변일무,1,0.237288,"[공동접지망으로 건물 철근 구조체를 사용한 신호기계실의 접지전류 특성]
   └ 학회: 한국철도학회 (IF: 0.45)"
14,2022,기타 공학,958803448,박성수,1,0.237288,"[공동접지망으로 건물 철근 구조체를 사용한 신호기계실의 접지전류 특성]
   └ 학회: 한국철도학회 (IF: 0.45)"
15,2022,기타 공학,211160384,전혜연,1,0.237288,"[공동접지망으로 건물 철근 구조체를 사용한 신호기계실의 접지전류 특성]
   └ 학회: 한국철도학회 (IF: 0.45)"
16,2022,기타 공학,554825250,김영주,1,0.237288,"[건물 철근 구조체를 적용한 신호기계실 공동접지망 개량 효과 분석]
   └ 학회: 한국철도학회 (IF: 0.45)"
17,2022,기타 공학,145163146,고경준,1,0.237288,"[건물 철근 구조체를 적용한 신호기계실 공동접지망 개량 효과 분석]
   └ 학회: 한국철도학회 (IF: 0.45)"
18,2022,기타 공학,435376549,김정석,3,0.227115,"[열차풍 환경의 드론 조종성능 시험장치 구축]
   └ 학회: 한국철도학회 (IF: 0.45)
--------------------------------
[드론의 선로변 전자기파 내성 시험장치 구축]
   └ 학회: 한국철도학회 (IF: 0.45)
--------------------------------
[철도시설물 무인 자동화 점검용 드론의 내풍성 평가 연구]
   └ 학회: 한국철도학회 (IF: 0.45)"
19,2022,기타 공학,129192447,강동훈,3,0.19322,"[동절기 철도 이용자 안전을 위한 발열 매트 제작 기술]
   └ 학회: 한국철도학회 (IF: 0.45)
--------------------------------
[레진 인퓨전 공법을 이용한 철도차량용 고인성 복합재료 라미네이트 패널 제작 기술]
   └ 학회: 한국철도학회 (IF: 0.45)
--------------------------------
[탄소섬유 발열체가 삽입된 철도차량용 복합재료 발열패널 제작 기술]
   └ 학회: 한국철도학회 (IF: 0.45)"
20,2022,기타 공학,710944344,박주엽,3,0.19322,"[동절기 철도 이용자 안전을 위한 발열 매트 제작 기술]
   └ 학회: 한국철도학회 (IF: 0.45)
--------------------------------
[레진 인퓨전 공법을 이용한 철도차량용 고인성 복합재료 라미네이트 패널 제작 기술]
   └ 학회: 한국철도학회 (IF: 0.45)
--------------------------------
[탄소섬유 발열체가 삽입된 철도차량용 복합재료 발열패널 제작 기술]
   └ 학회: 한국철도학회 (IF: 0.45)"
21,2022,기타 공학,421514174,김재희,3,0.176269,"[드론의 선로변 전자기파 내성 시험장치 구축]
   └ 학회: 한국철도학회 (IF: 0.45)
--------------------------------
[역사 내 스마트 블록을 위한 전파환경 분석 연구]
   └ 학회: 한국철도학회 (IF: 0.45)
--------------------------------
[무선급전 선로가 궤도회로에 미치는 영향 연구]
   └ 학회: 한국철도학회 (IF: 0.45)"
22,2022,기타 공학,474240256,추상호,3,0.162713,"[코로나 19로 인한 공유 모빌리티 이용 변화에 미치는 영향요인에 관한 연구 : 신도시 주민을 대상으로]
   └ 학회: 대한교통학회 (IF: 1.22)
--------------------------------
[다항 로지스틱회귀모형을 활용한 도시환경이 비만에 미치는 영향에 관한 연구]
   └ 학회: 대한교통학회 (IF: 1.22)
--------------------------------
[서울시 공공자전거와 공유 전동킥보드의 통행유형별 상호관계 분석: 서초 · 강남 · 동작구를 중심으로]
   └ 학회: 대한교통학회 (IF: 1.22)"
23,2022,기타 공학,736984065,신송현,2,0.162713,"[코로나 19로 인한 공유 모빌리티 이용 변화에 미치는 영향요인에 관한 연구 : 신도시 주민을 대상으로]
   └ 학회: 대한교통학회 (IF: 1.22)
--------------------------------
[다항 로지스틱회귀모형을 활용한 도시환경이 비만에 미치는 영향에 관한 연구]
   └ 학회: 대한교통학회 (IF: 1.22)"
24,2022,기타 공학,568686967,송태진,3,0.149151,"[공유차량 서비스 이용자 특성별 통행 이질성 분석]
   └ 학회: 대한교통학회 (IF: 1.22)
--------------------------------
[어린이 통학버스 운행 안정성 평가 체계 개발]
   └ 학회: 대한교통학회 (IF: 1.22)
--------------------------------
[개별주행궤적 데이터 기반 전동킥보드 종방향 위험주행상황 식별 방법론 개발]
   └ 학회: 대한교통학회 (IF: 1.22)"
25,2022,기타 공학,822833449,김나연,2,0.149151,"[어린이 통학버스 운행 안정성 평가 체계 개발]
   └ 학회: 대한교통학회 (IF: 1.22)
--------------------------------
[개별주행궤적 데이터 기반 전동킥보드 종방향 위험주행상황 식별 방법론 개발]
   └ 학회: 대한교통학회 (IF: 1.22)"
26,2022,기타 공학,221413815,신정열,2,0.142372,"[고무차륜형 경전철 고가구조물의 차량 횡하중에 관한 연구]
   └ 학회: 한국철도학회 (IF: 0.45)
--------------------------------
[경전철 고가구조물 설계를 위한 신뢰도기반 하중계수 분석]
   └ 학회: 한국철도학회 (IF: 0.45)"
27,2022,기타 공학,237874213,정승후,2,0.142372,"[고무차륜형 경전철 고가구조물의 차량 횡하중에 관한 연구]
   └ 학회: 한국철도학회 (IF: 0.45)
--------------------------------
[장대레일 축응력 측정을 위한 계장화압입시험법의 활용성에 관한 연구]
   └ 학회: 한국철도학회 (IF: 0.45)"
28,2022,기타 공학,619598139,곽호찬,1,0.135595,"[열차 지연 저감을 위한 전방 회차 효과 분석]
   └ 학회: 한국철도학회 (IF: 0.45)"
29,2022,기타 공학,806499956,송지영,1,0.135595,"[열차 지연 저감을 위한 전방 회차 효과 분석]
   └ 학회: 한국철도학회 (IF: 0.45)"
30,2022,기타 공학,957251269,김경민,1,0.135595,"[열차 지연 저감을 위한 전방 회차 효과 분석]
   └ 학회: 한국철도학회 (IF: 0.45)"
31,2022,기타 공학,479788688,오석문,1,0.135595,"[열차 지연 저감을 위한 전방 회차 효과 분석]
   └ 학회: 한국철도학회 (IF: 0.45)"
32,2022,기타 공학,642418081,김명룡,3,0.13220300000000001,"[도시철도차량용 3MW급 반도체 변압기 시스템 설계 및 차량 운전조건을 적용한 손실 분석]
   └ 학회: 한국철도학회 (IF: 0.45)
--------------------------------
[무선급전 선로가 궤도회로에 미치는 영향 연구]
   └ 학회: 한국철도학회 (IF: 0.45)
--------------------------------
[화물 전기기관차의 교직 겸용 개조방안 연구]
   └ 학회: 한국철도학회 (IF: 0.45)"
33,2022,기타 공학,642193188,김기영,1,0.12881399999999998,"[고속도로 엇갈림구간 적정길이에 관한 연구]
   └ 학회: 대한교통학회 (IF: 1.22)"
34,2022,기타 공학,903795836,이승준,1,0.12881399999999998,"[고속도로 엇갈림구간 적정길이에 관한 연구]
   └ 학회: 대한교통학회 (IF: 1.22)"
35,2022,기타 공학,204123347,김덕녕,1,0.12881399999999998,"[고속도로 엇갈림구간 적정길이에 관한 연구]
   └ 학회: 대한교통학회 (IF: 1.22)"
36,2022,기타 공학,250760887,이은탁,1,0.12881399999999998,"[고속도로 엇갈림구간 적정길이에 관한 연구]
   └ 학회: 대한교통학회 (IF: 1.22)"
37,2022,기타 공학,105061512,김태완,1,0.12881399999999998,"[고속도로 엇갈림구간 적정길이에 관한 연구]
   └ 학회: 대한교통학회 (IF: 1.22)"
38,2022,기타 공학,833286973,손봉수,1,0.12881399999999998,"[고속도로 엇갈림구간 적정길이에 관한 연구]
   └ 학회: 대한교통학회 (IF: 1.22)"
39,2022,기타 공학,263423077,성덕룡,3,0.128812,"[국내 철도운영 조건에 대한 레일 휨강도기반 레일마모한계 평가]
   └ 학회: 한국철도학회 (IF: 0.45)
--------------------------------
[Squat 결함의 매개변수 분석을 통한 국내 선로별 피로수명평가]
   └ 학회: 한국철도학회 (IF: 0.45)
--------------------------------
[재활용 플라스틱과 석탄회를 이용한 플라스틱 침목 개발-환경전과정 평가-]
   └ 학회: 한국철도학회 (IF: 0.45)"
40,2022,기타 공학,205522215,정정래,1,0.128812,"[와전류 탐상을 이용한 Squat 결함의 진전율 평가]
   └ 학회: 한국철도학회 (IF: 0.45)"
41,2022,기타 공학,615273955,한창용,1,0.128812,"[Squat 결함의 매개변수 분석을 통한 국내 선로별 피로수명평가]
   └ 학회: 한국철도학회 (IF: 0.45)"
42,2022,기타 공학,728724042,정찬묵,1,0.128812,"[Squat 결함의 매개변수 분석을 통한 국내 선로별 피로수명평가]
   └ 학회: 한국철도학회 (IF: 0.45)"
43,2022,기타 공학,804330168,장재민,3,0.125424,"[자율주행 시대에 대비한 대중교통 만족도 측정지표 개발]
   └ 학회: 대한교통학회 (IF: 1.22)
--------------------------------
[비연소 배출특성을 활용한 탄소중립시대의 자동차세 개선방안 연구: 자동차 보유세를 중심으로]
   └ 학회: 대한교통학회 (IF: 1.22)
--------------------------------
[탄소중립시대를 대비한 환경개선부담금 개선방안 연구]
   └ 학회: 대한교통학회 (IF: 1.22)"
44,2022,기타 공학,746734419,이성진,4,0.122034,"[철도입체공간(BTS, Beyond-Track Space) 생활환경 인식조사]
   └ 학회: 한국철도학회 (IF: 0.45)
--------------------------------
[단시간주파수 변환을 활용한 자갈도상 오염에 따른 지표투과레이더 신호의 시간-주파수 특성 변화 연구]
   └ 학회: 한국철도학회 (IF: 0.45)
--------------------------------
[지표투과레이더(GPR)을 활용한 터널 라이닝 콘크리트 배면공동의 두께 평가를 위한 실용식 제안]
   └ 학회: 한국철도학회 (IF: 0.45)
--------------------------------
[철근콘크리트 터널 라이닝 모형을 활용한 GPR 신호 특성 연구]
   └ 학회: 한국철도학회 (IF: 0.45)"
45,2022,기타 공학,835489914,박덕신,3,0.115255,"[동절기 도시철도 출입문 개방시 객실 실내 온도 하강 연구]
   └ 학회: 한국철도학회 (IF: 0.45)
--------------------------------
[대심도 고속열차 터널의 피스톤 효과에 대한 수치해석 연구]
   └ 학회: 한국철도학회 (IF: 0.45)
--------------------------------
[공기질 개선장치 가동에 따른 도시철도 차량 내 미세먼지 농도 변화에 대한 수치해석 연구]
   └ 학회: 한국철도학회 (IF: 0.45)"
46,2022,기타 공학,902922751,소재현,2,0.115254,"[PM 교통사고에 영향을 미치는 근린환경 요인분석 : 로지스틱 회귀모형을 이용하여]
   └ 학회: 대한교통학회 (IF: 1.22)
--------------------------------
[통합이동서비스 활성화 측면의 국내외 법제 기반 준비수준 및 개선방향에 관한 연구]
   └ 학회: 대한교통학회 (IF: 1.22)"
47,2022,기타 공학,5130204,이건복,2,0.105084,"[무선급전 선로가 궤도회로에 미치는 영향 연구]
   └ 학회: 한국철도학회 (IF: 0.45)
--------------------------------
[화물 전기기관차의 교직 겸용 개조방안 연구]
   └ 학회: 한국철도학회 (IF: 0.45)"
48,2022,기타 공학,319888023,김상훈,2,0.098304,"[개인형(공유) 이동장치 제도 및 운영 여건 검토에 따른 개선방안 연구]
   └ 학회: 대한교통학회 (IF: 1.22)
--------------------------------
[개별주행궤적 데이터 기반 전동킥보드 종방향 위험주행상황 식별 방법론 개발]
   └ 학회: 대한교통학회 (IF: 1.22)"
49,2022,기타 공학,753834268,이진욱,2,0.094916,"[지표투과레이더(GPR)을 활용한 터널 라이닝 콘크리트 배면공동의 두께 평가를 위한 실용식 제안]
   └ 학회: 한국철도학회 (IF: 0.45)
--------------------------------
[철근콘크리트 터널 라이닝 모형을 활용한 GPR 신호 특성 연구]
   └ 학회: 한국철도학회 (IF: 0.45)"
50,2022,기타 공학,833331501,구자헌,1,0.094916,"[다항 로지스틱회귀모형을 활용한 도시환경이 비만에 미치는 영향에 관한 연구]
   └ 학회: 대한교통학회 (IF: 1.22)"
51,2022,기타 공학,587015138,김수재,1,0.094916,"[다항 로지스틱회귀모형을 활용한 도시환경이 비만에 미치는 영향에 관한 연구]
   └ 학회: 대한교통학회 (IF: 1.22)"
52,2022,기타 공학,633730462,황준혁,1,0.094916,"[심층 신경망을 이용한 철도 연결기용 점탄성 완충기의 동적 특성 예측 모델]
   └ 학회: 한국철도학회 (IF: 0.45)"
53,2022,기타 공학,634984008,정현승,1,0.094916,"[심층 신경망을 이용한 철도 연결기용 점탄성 완충기의 동적 특성 예측 모델]
   └ 학회: 한국철도학회 (IF: 0.45)"
54,2022,기타 공학,201744,김진성,1,0.094916,"[심층 신경망을 이용한 철도 연결기용 점탄성 완충기의 동적 특성 예측 모델]
   └ 학회: 한국철도학회 (IF: 0.45)"
55,2022,기타 공학,918056555,손승완,1,0.094916,"[심층 신경망을 이용한 철도 연결기용 점탄성 완충기의 동적 특성 예측 모델]
   └ 학회: 한국철도학회 (IF: 0.45)"
56,2022,기타 공학,799215349,안승호,1,0.094916,"[심층 신경망을 이용한 철도 연결기용 점탄성 완충기의 동적 특성 예측 모델]
   └ 학회: 한국철도학회 (IF: 0.45)"
57,2022,기타 공학,727071222,길형균,1,0.094916,"[심층 신경망을 이용한 철도 연결기용 점탄성 완충기의 동적 특성 예측 모델]
   └ 학회: 한국철도학회 (IF: 0.45)"
58,2022,기타 공학,858908761,권혁빈,4,0.094915,"[철도시스템 소프트웨어의 정량적 신뢰성 예측평가 도구개발]
   └ 학회: 한국철도학회 (IF: 0.45)
--------------------------------
[수치해석을 이용한 팬터그래프의 공기역학적 압상력 예측 방법]
   └ 학회: 한국철도학회 (IF: 0.45)
--------------------------------
[고속열차 하부에 장착된 비접촉식 제설장치의 요각에 따른 효과에 대한 연구]
   └ 학회: 한국철도학회 (IF: 0.45)
--------------------------------
[수치해석을 이용한 일반형 전동차 내부 공기연령 개선 연구]
   └ 학회: 한국철도학회 (IF: 0.45)"
59,2022,기타 공학,481117457,유예지,1,0.09152600000000001,"[HCM 7<SUP>th</SUP>을 고려한 커넥티드 자율주행 교차로 용량 분석: 제주 혁신도시 사례연구]
   └ 학회: 대한교통학회 (IF: 1.22)"
60,2022,기타 공학,728060170,김인희,1,0.09152600000000001,"[HCM 7<SUP>th</SUP>을 고려한 커넥티드 자율주행 교차로 용량 분석: 제주 혁신도시 사례연구]
   └ 학회: 대한교통학회 (IF: 1.22)"
61,2022,기타 공학,736383727,박준영,4,0.09152500000000001,"[데이터마이닝 기반의 사고심각도 가중치 적용 예측변수를 활용한 교차로 사고예측모형 개발]
   └ 학회: 대한교통학회 (IF: 1.22)
--------------------------------
[자율군집주행차량 유무에 따른 운전자 주행행태 분석]
   └ 학회: 대한교통학회 (IF: 1.22)
--------------------------------
[GIS 데이터를 활용한 도시부 인프라 세부위험구역 식별 방법론 개발]
   └ 학회: 대한교통학회 (IF: 1.22)
--------------------------------
[스쿨존 내 어린이 사고 심각도 영향요인분석]
   └ 학회: 대한교통학회 (IF: 1.22)"
62,2022,기타 공학,681445193,최영태,3,0.088135,"[단시간주파수 변환을 활용한 자갈도상 오염에 따른 지표투과레이더 신호의 시간-주파수 특성 변화 연구]
   └ 학회: 한국철도학회 (IF: 0.45)
--------------------------------
[지표투과레이더(GPR)을 활용한 터널 라이닝 콘크리트 배면공동의 두께 평가를 위한 실용식 제안]
   └ 학회: 한국철도학회 (IF: 0.45)
--------------------------------
[궤도 안정성 향상을 위한 광폭침목 개발 및 적용]
   └ 학회: 한국철도학회 (IF: 0.45)"
63,2022,기타 공학,971439421,기성훈,2,0.088135,"[단시간주파수 변환을 활용한 자갈도상 오염에 따른 지표투과레이더 신호의 시간-주파수 특성 변화 연구]
   └ 학회: 한국철도학회 (IF: 0.45)
--------------------------------
[지표투과레이더(GPR)을 활용한 터널 라이닝 콘크리트 배면공동의 두께 평가를 위한 실용식 제안]
   └ 학회: 한국철도학회 (IF: 0.45)"
64,2022,기타 공학,339726116,창상훈,2,0.08813499999999999,"[전기철도 전차선로 부품의 3차원 디지털화 연구]
   └ 학회: 한국철도학회 (IF: 0.45)
--------------------------------
[교류전기철도 전차선로 설비에 낙뢰 유입시 과도특성 해석]
   └ 학회: 한국철도학회 (IF: 0.45)"
65,2022,기타 공학,704572702,이상근,1,0.084746,"[자율주행 시대에 대비한 대중교통 만족도 측정지표 개발]
   └ 학회: 대한교통학회 (IF: 1.22)"
66,2022,기타 공학,504485439,이준,1,0.084746,"[자율주행 시대에 대비한 대중교통 만족도 측정지표 개발]
   └ 학회: 대한교통학회 (IF: 1.22)"
67,2022,기타 공학,987743595,이준석,2,0.081357,"[대심도 고속열차 터널의 피스톤 효과에 대한 수치해석 연구]
   └ 학회: 한국철도학회 (IF: 0.45)
--------------------------------
[철근콘크리트 터널 라이닝 모형을 활용한 GPR 신호 특성 연구]
   └ 학회: 한국철도학회 (IF: 0.45)"
68,2022,기타 공학,596512371,박상원,1,0.081357,"[시뮬레이션을 이용한 해상교차로 혼잡도에 관한 기초 연구: 부산항 신항 주의해역의 교차 선박을 중심으로]
   └ 학회: 대한교통학회 (IF: 1.22)"
69,2022,기타 공학,323500281,김창훈,1,0.081357,"[시뮬레이션을 이용한 해상교차로 혼잡도에 관한 기초 연구: 부산항 신항 주의해역의 교차 선박을 중심으로]
   └ 학회: 대한교통학회 (IF: 1.22)"
70,2022,기타 공학,887157594,박영수,1,0.081357,"[시뮬레이션을 이용한 해상교차로 혼잡도에 관한 기초 연구: 부산항 신항 주의해역의 교차 선박을 중심으로]
   └ 학회: 대한교통학회 (IF: 1.22)"
71,2022,기타 공학,296111916,안준선,3,0.081356,"[수치해석을 이용한 팬터그래프의 공기역학적 압상력 예측 방법]
   └ 학회: 한국철도학회 (IF: 0.45)
--------------------------------
[고속열차 하부에 장착된 비접촉식 제설장치의 요각에 따른 효과에 대한 연구]
   └ 학회: 한국철도학회 (IF: 0.45)
--------------------------------
[수치해석을 이용한 일반형 전동차 내부 공기연령 개선 연구]
   └ 학회: 한국철도학회 (IF: 0.45)"
72,2022,기타 공학,760402289,구본용,1,0.081356,"[탄소섬유 발열체가 삽입된 철도차량용 복합재료 발열패널 제작 기술]
   └ 학회: 한국철도학회 (IF: 0.45)"
73,2022,기타 공학,466786630,이예진,1,0.081356,"[탄소섬유 발열체가 삽입된 철도차량용 복합재료 발열패널 제작 기술]
   └ 학회: 한국철도학회 (IF: 0.45)"
74,2022,기타 공학,441772174,윤일수,2,0.07796600000000001,"[대중교통 중심의 MaaS 활성화 방안]
   └ 학회: 대한교통학회 (IF: 1.22)
--------------------------------
[교통사고 검지 기술 동향과 음향 신호 기반 기술 도입 효과 연구: 터널 및 지하도로를 중심으로]
   └ 학회: 대한교통학회 (IF: 1.22)"
75,2022,기타 공학,237144873,김정훈,1,0.07796600000000001,"[고속도로 혼잡도 기반 교통사고 절감편익 산정방안 개선 연구]
   └ 학회: 대한교통학회 (IF: 1.22)"
76,2022,기타 공학,526100739,박신형,1,0.07796600000000001,"[고속도로 혼잡도 기반 교통사고 절감편익 산정방안 개선 연구]
   └ 학회: 대한교통학회 (IF: 1.22)"
77,2022,기타 공학,785438963,주신혜,1,0.077965,"[개별주행궤적 데이터 기반 전동킥보드 종방향 위험주행상황 식별 방법론 개발]
   └ 학회: 대한교통학회 (IF: 1.22)"
78,2022,기타 공학,178968382,강희찬,1,0.077965,"[개별주행궤적 데이터 기반 전동킥보드 종방향 위험주행상황 식별 방법론 개발]
   └ 학회: 대한교통학회 (IF: 1.22)"
79,2022,기타 공학,822389980,박범환,2,0.074577,"[미시적 열차 운행 시뮬레이션을 이용한 열차 지연을 고려한 열차 반복 계획 평가]
   └ 학회: 한국철도학회 (IF: 0.45)
--------------------------------
[심층신경망을 이용한 지역간 수단선택 모형 구축]
   └ 학회: 한국철도학회 (IF: 0.45)"
80,2022,기타 공학,991887061,김세헌,1,0.074577,"[[박사학위논문소개] 멀티 에이전트 기반 동적 시뮬레이션을 활용한 전기차 충전소 입지선정]
   └ 학회: 대한교통학회 (IF: 1.22)"
81,2022,기타 공학,570355,강민희,2,0.074576,"[도농복합지역 특성을 고려한 수요응답형 교통(DRT) 도입 전략 제안 연구]
   └ 학회: 대한교통학회 (IF: 1.22)
--------------------------------
[블랙 아이스의 학습 데이터셋 구축을 위한 Pix2Pix 기반 데이터 증강 방안]
   └ 학회: 대한교통학회 (IF: 1.22)"
82,2022,기타 공학,5493898,송재인,2,0.074576,"[도농복합지역 특성을 고려한 수요응답형 교통(DRT) 도입 전략 제안 연구]
   └ 학회: 대한교통학회 (IF: 1.22)
--------------------------------
[블랙 아이스의 학습 데이터셋 구축을 위한 Pix2Pix 기반 데이터 증강 방안]
   └ 학회: 대한교통학회 (IF: 1.22)"
83,2022,기타 공학,518861189,황기연,2,0.074576,"[도농복합지역 특성을 고려한 수요응답형 교통(DRT) 도입 전략 제안 연구]
   └ 학회: 대한교통학회 (IF: 1.22)
--------------------------------
[블랙 아이스의 학습 데이터셋 구축을 위한 Pix2Pix 기반 데이터 증강 방안]
   └ 학회: 대한교통학회 (IF: 1.22)"
84,2022,기타 공학,711563437,이호준,1,0.074576,"[블랙 아이스의 학습 데이터셋 구축을 위한 Pix2Pix 기반 데이터 증강 방안]
   └ 학회: 대한교통학회 (IF: 1.22)"
85,2022,기타 공학,4691975,오승민,1,0.074576,"[고속도로 내 차로 운영 전략을 위한 군집주행 기반 최적화 방법론]
   └ 학회: 대한교통학회 (IF: 1.22)"
86,2022,기타 공학,843558586,윤정인,1,0.074576,"[고속도로 내 차로 운영 전략을 위한 군집주행 기반 최적화 방법론]
   └ 학회: 대한교통학회 (IF: 1.22)"
87,2022,기타 공학,918794868,이진우,1,0.074576,"[고속도로 내 차로 운영 전략을 위한 군집주행 기반 최적화 방법론]
   └ 학회: 대한교통학회 (IF: 1.22)"
88,2022,기타 공학,157151223,이수형,1,0.074576,"[생성적 대립 신경망과 심층 신경망 기반의 선로 침입 판별 알고리즘]
   └ 학회: 한국철도학회 (IF: 0.45)"
89,2022,기타 공학,947020143,이희성,1,0.074576,"[생성적 대립 신경망과 심층 신경망 기반의 선로 침입 판별 알고리즘]
   └ 학회: 한국철도학회 (IF: 0.45)"
90,2022,기타 공학,805860094,여인호,2,0.071186,"[열화된 프리스트레스트 콘크리트 보 거동의 해석적 평가]
   └ 학회: 한국철도학회 (IF: 0.45)
--------------------------------
[장대레일 축응력 측정을 위한 계장화압입시험법의 활용성에 관한 연구]
   └ 학회: 한국철도학회 (IF: 0.45)"
91,2022,기타 공학,312684199,김만철,2,0.071186,"[장대레일 축응력 측정을 위한 계장화압입시험법의 활용성에 관한 연구]
   └ 학회: 한국철도학회 (IF: 0.45)
--------------------------------
[분기기 궤간 외측 포인트 가드레일의 열차 주행 특성 및 텅레일 첨단 마모 감소에 미치는 영향]
   └ 학회: 한국철도학회 (IF: 0.45)"
92,2022,기타 공학,804184546,윤진수,1,0.071186,"[어린이 통학버스 운행 안정성 평가 체계 개발]
   └ 학회: 대한교통학회 (IF: 1.22)"
93,2022,기타 공학,383228135,박정순,1,0.071186,"[어린이 통학버스 운행 안정성 평가 체계 개발]
   └ 학회: 대한교통학회 (IF: 1.22)"
94,2022,기타 공학,512126436,박윤식,1,0.071186,"[계측결과를 이용한 무도상 판형교 장대레일 해석모델의 타당성 검토]
   └ 학회: 한국철도학회 (IF: 0.45)"
95,2022,기타 공학,140163853,정지승,1,0.071186,"[계측결과를 이용한 무도상 판형교 장대레일 해석모델의 타당성 검토]
   └ 학회: 한국철도학회 (IF: 0.45)"
96,2022,기타 공학,948912738,박성현,1,0.071186,"[계측결과를 이용한 무도상 판형교 장대레일 해석모델의 타당성 검토]
   └ 학회: 한국철도학회 (IF: 0.45)"
97,2022,기타 공학,910586167,이주호,1,0.071186,"[계측결과를 이용한 무도상 판형교 장대레일 해석모델의 타당성 검토]
   └ 학회: 한국철도학회 (IF: 0.45)"
98,2022,기타 공학,133598139,최규문,1,0.071186,"[계측결과를 이용한 무도상 판형교 장대레일 해석모델의 타당성 검토]
   └ 학회: 한국철도학회 (IF: 0.45)"
99,2022,기타 공학,482519996,이안호,1,0.071186,"[고무차륜형 경전철 고가구조물의 차량 횡하중에 관한 연구]
   └ 학회: 한국철도학회 (IF: 0.45)"
100,2022,기타 공학,577485671,장문섭,1,0.071186,"[고무차륜형 경전철 고가구조물의 차량 횡하중에 관한 연구]
   └ 학회: 한국철도학회 (IF: 0.45)"
101,2022,기타 공학,637909208,김경현,1,0.071186,"[경전철 고가구조물 설계를 위한 신뢰도기반 하중계수 분석]
   └ 학회: 한국철도학회 (IF: 0.45)"
102,2022,기타 공학,564472448,백인열,1,0.071186,"[경전철 고가구조물 설계를 위한 신뢰도기반 하중계수 분석]
   └ 학회: 한국철도학회 (IF: 0.45)"
103,2022,기타 공학,590376260,이수길,1,0.071186,"[무선급전 선로가 궤도회로에 미치는 영향 연구]
   └ 학회: 한국철도학회 (IF: 0.45)"
104,2022,기타 공학,600130553,구동균,2,0.067797,"[COVID에 따른 공간적 이용 변화 영향 분석 : 공유자전거를 중심으로]
   └ 학회: 대한교통학회 (IF: 1.22)
--------------------------------
[경사도를 고려한 전기차 기반 자율주행 대중교통 모빌리티 경로산정에 관한 연구]
   └ 학회: 대한교통학회 (IF: 1.22)"
105,2022,기타 공학,695042748,고상원,1,0.067797,"[공기질 개선장치 가동에 따른 도시철도 차량 내 미세먼지 농도 변화에 대한 수치해석 연구]
   └ 학회: 한국철도학회 (IF: 0.45)"
106,2022,기타 공학,263254229,이재영,1,0.067797,"[공기질 개선장치 가동에 따른 도시철도 차량 내 미세먼지 농도 변화에 대한 수치해석 연구]
   └ 학회: 한국철도학회 (IF: 0.45)"
107,2022,기타 공학,600980534,최병호,2,0.067796,"[노면전차 설계유형별 교통안전진단 기준의 고찰]
   └ 학회: 대한교통학회 (IF: 1.22)
--------------------------------
[자율주행차 인터페이스와 포용성 과제]
   └ 학회: 대한교통학회 (IF: 1.22)"
108,2022,기타 공학,921276000,김혜진,1,0.067796,"[PM 교통사고에 영향을 미치는 근린환경 요인분석 : 로지스틱 회귀모형을 이용하여]
   └ 학회: 대한교통학회 (IF: 1.22)"
109,2022,기타 공학,2221882,이현미,1,0.067796,"[PM 교통사고에 영향을 미치는 근린환경 요인분석 : 로지스틱 회귀모형을 이용하여]
   └ 학회: 대한교통학회 (IF: 1.22)"
110,2022,기타 공학,566768968,이창주,1,0.067796,"[PM 교통사고에 영향을 미치는 근린환경 요인분석 : 로지스틱 회귀모형을 이용하여]
   └ 학회: 대한교통학회 (IF: 1.22)"
111,2022,기타 공학,757915387,박진혁,2,0.061017,"[고속철도 차량용 반도체 변압기에 사용되는 DAB 컨버터와 CLLC 공진형 컨버터의 비교/분석]
   └ 학회: 한국철도학회 (IF: 0.45)
--------------------------------
[화물 전기기관차의 교직 겸용 개조방안 연구]
   └ 학회: 한국철도학회 (IF: 0.45)"
112,2022,기타 공학,710922,박상현,1,0.061017,"[VR 모의주행 시뮬레이터를 활용한 도심 지하도로 내 운전자 주행행태 분석: 신월여의 지하도로를 대상으로]
   └ 학회: 대한교통학회 (IF: 1.22)"
113,2022,기타 공학,413943988,김정식,1,0.061017,"[VR 모의주행 시뮬레이터를 활용한 도심 지하도로 내 운전자 주행행태 분석: 신월여의 지하도로를 대상으로]
   └ 학회: 대한교통학회 (IF: 1.22)"
114,2022,기타 공학,299871600,양충헌,1,0.061017,"[VR 모의주행 시뮬레이터를 활용한 도심 지하도로 내 운전자 주행행태 분석: 신월여의 지하도로를 대상으로]
   └ 학회: 대한교통학회 (IF: 1.22)"
115,2022,기타 공학,605859651,이진각,1,0.061017,"[VR 모의주행 시뮬레이터를 활용한 도심 지하도로 내 운전자 주행행태 분석: 신월여의 지하도로를 대상으로]
   └ 학회: 대한교통학회 (IF: 1.22)"
116,2022,기타 공학,714573458,레지데스티오코 하르세노,1,0.061017,"[지표투과레이더(GPR)을 활용한 터널 라이닝 콘크리트 배면공동의 두께 평가를 위한 실용식 제안]
   └ 학회: 한국철도학회 (IF: 0.45)"
117,2022,기타 공학,866617912,허완철,1,0.061016,"[자율차 안전주행 지원을 위한 머신러닝 기반 디지털차선의 검출]
   └ 학회: 대한교통학회 (IF: 1.22)"
118,2022,기타 공학,222085378,장정아,2,0.057627,"[디자인씽킹 기반 V2H 커뮤니케이션 요구사항 조사 연구]
   └ 학회: 대한교통학회 (IF: 1.22)
--------------------------------
[자율주행차 규제 혁신 로드맵 2.0]
   └ 학회: 대한교통학회 (IF: 1.22)"
119,2022,기타 공학,927412388,안태혁,1,0.057627,"[교류전기철도 전차선로 설비에 낙뢰 유입시 과도특성 해석]
   └ 학회: 한국철도학회 (IF: 0.45)"
120,2022,기타 공학,448212332,김정화,3,0.054238,"[통합이동서비스 활성화 측면의 국내외 법제 기반 준비수준 및 개선방향에 관한 연구]
   └ 학회: 대한교통학회 (IF: 1.22)
--------------------------------
[토픽모델링 기반의 판례분석을 통한 난폭운전과 보복운전 특성 비교 연구]
   └ 학회: 대한교통학회 (IF: 1.22)
--------------------------------
[자율주행시대의 Flex Zone 도입과 입지 최적화 방안 연구: 수정된 MCLP 알고리즘을 기반으로]
   └ 학회: 대한교통학회 (IF: 1.22)"
121,2022,기타 공학,358510340,원동욱,2,0.054238,"[시스템 다이내믹스를 활용한 교통문화지수 변화 시나리오 분석]
   └ 학회: 대한교통학회 (IF: 1.22)
--------------------------------
[시스템 다이내믹스 분석기법을 활용한 전세버스 업체 교통사고위험예측에 관한 연구]
   └ 학회: 대한교통학회 (IF: 1.22)"
122,2022,기타 공학,974663309,도명식,2,0.054238,"[시스템 다이내믹스를 활용한 교통문화지수 변화 시나리오 분석]
   └ 학회: 대한교통학회 (IF: 1.22)
--------------------------------
[시스템 다이내믹스 분석기법을 활용한 전세버스 업체 교통사고위험예측에 관한 연구]
   └ 학회: 대한교통학회 (IF: 1.22)"
123,2022,기타 공학,302875511,김규호,2,0.054238,"[시스템 다이내믹스를 활용한 교통문화지수 변화 시나리오 분석]
   └ 학회: 대한교통학회 (IF: 1.22)
--------------------------------
[시스템 다이내믹스 분석기법을 활용한 전세버스 업체 교통사고위험예측에 관한 연구]
   └ 학회: 대한교통학회 (IF: 1.22)"
124,2022,기타 공학,213534390,김경태,2,0.054238,"[도시철도 노선 연장이 대중교통 이용에 미치는 영향]
   └ 학회: 대한교통학회 (IF: 1.22)
--------------------------------
[교통카드데이터를 활용한 대중교통 수단선택 행태분석: 버스의 도시철도에 대한 대체 및 경합을 중심으로]
   └ 학회: 한국철도학회 (IF: 0.45)"
125,2022,기타 공학,5109615,심지윤,2,0.054238,"[동대구역 복합환승센터 개소 전후 철도 네트워크 중심성 변화 분석: PageRank Centrality를 중심으로]
   └ 학회: 대한교통학회 (IF: 1.22)
--------------------------------
[원격근무가 도시활동 선택에 미치는 영향에 관한 탐색적 연구]
   └ 학회: 대한교통학회 (IF: 1.22)"
126,2022,기타 공학,5401607,이재현,2,0.054238,"[동대구역 복합환승센터 개소 전후 철도 네트워크 중심성 변화 분석: PageRank Centrality를 중심으로]
   └ 학회: 대한교통학회 (IF: 1.22)
--------------------------------
[원격근무가 도시활동 선택에 미치는 영향에 관한 탐색적 연구]
   └ 학회: 대한교통학회 (IF: 1.22)"
127,2022,기타 공학,786511,최동호,2,0.054238,"[도시철도차량용 3MW급 반도체 변압기 시스템 설계 및 차량 운전조건을 적용한 손실 분석]
   └ 학회: 한국철도학회 (IF: 0.45)
--------------------------------
[고속철도 차량용 반도체 변압기에 사용되는 DAB 컨버터와 CLLC 공진형 컨버터의 비교/분석]
   └ 학회: 한국철도학회 (IF: 0.45)"
128,2022,기타 공학,808049076,이준석,2,0.054238,"[도시철도차량용 3MW급 반도체 변압기 시스템 설계 및 차량 운전조건을 적용한 손실 분석]
   └ 학회: 한국철도학회 (IF: 0.45)
--------------------------------
[고속철도 차량용 반도체 변압기에 사용되는 DAB 컨버터와 CLLC 공진형 컨버터의 비교/분석]
   └ 학회: 한국철도학회 (IF: 0.45)"
129,2022,기타 공학,495353771,박경아,1,0.054238,"[동대구역 복합환승센터 개소 전후 철도 네트워크 중심성 변화 분석: PageRank Centrality를 중심으로]
   └ 학회: 대한교통학회 (IF: 1.22)"
130,2022,기타 공학,1987610,서경수,1,0.054238,"[도시철도 차량 이종 노선 유지보수 운영효율 비교 연구]
   └ 학회: 한국철도학회 (IF: 0.45)"
131,2022,기타 공학,520645563,한현수,1,0.054238,"[도시철도 차량 이종 노선 유지보수 운영효율 비교 연구]
   └ 학회: 한국철도학회 (IF: 0.45)"
132,2022,기타 공학,978764693,윤화현,1,0.054238,"[도시철도 차량 이종 노선 유지보수 운영효율 비교 연구]
   └ 학회: 한국철도학회 (IF: 0.45)"
133,2022,기타 공학,224073755,황문세,1,0.054238,"[도시철도 차량 이종 노선 유지보수 운영효율 비교 연구]
   └ 학회: 한국철도학회 (IF: 0.45)"
134,2022,기타 공학,334936673,홍민기,1,0.054238,"[도시철도 차량 이종 노선 유지보수 운영효율 비교 연구]
   └ 학회: 한국철도학회 (IF: 0.45)"
135,2022,기타 공학,231843888,양삼규,1,0.050847,"[자율군집주행차량 유무에 따른 운전자 주행행태 분석]
   └ 학회: 대한교통학회 (IF: 1.22)"
136,2022,기타 공학,166270669,강가원,1,0.050847,"[자율군집주행차량 유무에 따른 운전자 주행행태 분석]
   └ 학회: 대한교통학회 (IF: 1.22)"
137,2022,기타 공학,328411406,한현용,1,0.050847,"[코로나19 확진자수에 따른 인구 이동량과 교통사고 변화 연구]
   └ 학회: 대한교통학회 (IF: 1.22)"
138,2022,기타 공학,398633863,유기열,1,0.050847,"[코로나19 확진자수에 따른 인구 이동량과 교통사고 변화 연구]
   └ 학회: 대한교통학회 (IF: 1.22)"
139,2022,기타 공학,455759274,김용현,1,0.050847,"[순서형 로짓모형을 이용한 개인형 이동장치 교통사고 심각도 위험요인 분석]
   └ 학회: 대한교통학회 (IF: 1.22)"
140,2022,기타 공학,5551906,김영준,1,0.050847,"[순서형 로짓모형을 이용한 개인형 이동장치 교통사고 심각도 위험요인 분석]
   └ 학회: 대한교통학회 (IF: 1.22)"
141,2022,기타 공학,795887166,조영민,2,0.047458,"[동절기 도시철도 출입문 개방시 객실 실내 온도 하강 연구]
   └ 학회: 한국철도학회 (IF: 0.45)
--------------------------------
[대심도 고속열차 터널의 피스톤 효과에 대한 수치해석 연구]
   └ 학회: 한국철도학회 (IF: 0.45)"
142,2022,기타 공학,703118871,남성원,2,0.047458,"[열차/터널 공력 모델에 대한 전산 해석법]
   └ 학회: 한국철도학회 (IF: 0.45)
--------------------------------
[도시 철도역의 가변 개찰구를 이용한 혼잡 저감에 관한 분석]
   └ 학회: 한국철도학회 (IF: 0.45)"
143,2022,기타 공학,574506261,김영곤,1,0.047458,"[딥러닝을 이용한 결빙 노면 상의 교통사고발생 예측 모형 개발]
   └ 학회: 대한교통학회 (IF: 1.22)"
144,2022,기타 공학,407453838,이민우,1,0.047458,"[딥러닝을 이용한 결빙 노면 상의 교통사고발생 예측 모형 개발]
   └ 학회: 대한교통학회 (IF: 1.22)"
145,2022,기타 공학,175883898,윤여정,1,0.047458,"[딥러닝을 이용한 결빙 노면 상의 교통사고발생 예측 모형 개발]
   └ 학회: 대한교통학회 (IF: 1.22)"
146,2022,기타 공학,696424806,전용주,1,0.047458,"[딥러닝을 이용한 결빙 노면 상의 교통사고발생 예측 모형 개발]
   └ 학회: 대한교통학회 (IF: 1.22)"
147,2022,기타 공학,388935155,김광식,1,0.047458,"[딥러닝을 이용한 결빙 노면 상의 교통사고발생 예측 모형 개발]
   └ 학회: 대한교통학회 (IF: 1.22)"
148,2022,기타 공학,847950891,신호석,1,0.047458,"[[박사학위논문소개] 수도권 통합대중교통체계 교통카드 자료 기반 수입금 산정 방안]
   └ 학회: 대한교통학회 (IF: 1.22)"
149,2022,기타 공학,2271983,박원일,1,0.047458,"[대중교통 중심의 MaaS 활성화 방안]
   └ 학회: 대한교통학회 (IF: 1.22)"
150,2022,기타 공학,471189608,유연승,1,0.047458,"[대중교통 중심의 MaaS 활성화 방안]
   └ 학회: 대한교통학회 (IF: 1.22)"
151,2022,기타 공학,969897085,홍지호,1,0.047458,"[통합이동서비스 활성화 측면의 국내외 법제 기반 준비수준 및 개선방향에 관한 연구]
   └ 학회: 대한교통학회 (IF: 1.22)"
152,2022,기타 공학,808405118,김현미,1,0.047458,"[통합이동서비스 활성화 측면의 국내외 법제 기반 준비수준 및 개선방향에 관한 연구]
   └ 학회: 대한교통학회 (IF: 1.22)"
153,2022,기타 공학,619462690,김범일,1,0.047458,"[전기차 충전인프라 민간투자 활성화를 위한 수익성 분석에 관한 연구]
   └ 학회: 대한교통학회 (IF: 1.22)"
154,2022,기타 공학,159547424,안근원,1,0.047458,"[전기차 충전인프라 민간투자 활성화를 위한 수익성 분석에 관한 연구]
   └ 학회: 대한교통학회 (IF: 1.22)"
155,2022,기타 공학,726920077,신희철,1,0.047458,"[전기차 충전인프라 민간투자 활성화를 위한 수익성 분석에 관한 연구]
   └ 학회: 대한교통학회 (IF: 1.22)"
156,2022,기타 공학,949865624,이기영,1,0.047458,"[전기차 시대의 모빌리티 서비스]
   └ 학회: 대한교통학회 (IF: 1.22)"
157,2022,기타 공학,827985965,한재훈,1,0.047458,"[전기차 시대의 모빌리티 서비스]
   └ 학회: 대한교통학회 (IF: 1.22)"
158,2022,기타 공학,641325917,최민제,1,0.047458,"[경사도를 고려한 전기차 기반 자율주행 대중교통 모빌리티 경로산정에 관한 연구]
   └ 학회: 대한교통학회 (IF: 1.22)"
159,2022,기타 공학,5494330,김주영,1,0.047458,"[경사도를 고려한 전기차 기반 자율주행 대중교통 모빌리티 경로산정에 관한 연구]
   └ 학회: 대한교통학회 (IF: 1.22)"
160,2022,기타 공학,157603014,조익현,1,0.047458,"[Yolo-v4 기반 초저지연 차량 식별과 통행량 추적 정밀도 개선]
   └ 학회: 대한교통학회 (IF: 1.22)"
161,2022,기타 공학,325010256,사재민,1,0.047458,"[Yolo-v4 기반 초저지연 차량 식별과 통행량 추적 정밀도 개선]
   └ 학회: 대한교통학회 (IF: 1.22)"
162,2022,기타 공학,419388912,김용유,1,0.047458,"[Yolo-v4 기반 초저지연 차량 식별과 통행량 추적 정밀도 개선]
   └ 학회: 대한교통학회 (IF: 1.22)"
163,2022,기타 공학,940915889,남백,1,0.047458,"[Yolo-v4 기반 초저지연 차량 식별과 통행량 추적 정밀도 개선]
   └ 학회: 대한교통학회 (IF: 1.22)"
164,2022,기타 공학,448729366,이용갑,1,0.047458,"[대심도 고속열차 터널의 피스톤 효과에 대한 수치해석 연구]
   └ 학회: 한국철도학회 (IF: 0.45)"
165,2022,기타 공학,739957924,박원희,1,0.047458,"[대심도 고속열차 터널의 피스톤 효과에 대한 수치해석 연구]
   └ 학회: 한국철도학회 (IF: 0.45)"
166,2022,기타 공학,105844280,권순박,1,0.047458,"[대심도 고속열차 터널의 피스톤 효과에 대한 수치해석 연구]
   └ 학회: 한국철도학회 (IF: 0.45)"
167,2022,기타 공학,696184305,공민선,1,0.047458,"[심층신경망을 이용한 지역간 수단선택 모형 구축]
   └ 학회: 한국철도학회 (IF: 0.45)"
168,2022,기타 공학,610601136,이장호,1,0.047458,"[심층신경망을 이용한 지역간 수단선택 모형 구축]
   └ 학회: 한국철도학회 (IF: 0.45)"
169,2022,기타 공학,686992895,유정훈,1,0.047458,"[신도시 개발에 따른 대중교통 수요 발생의 시계열적 패턴]
   └ 학회: 한국철도학회 (IF: 0.45)"
170,2022,기타 공학,525633746,배범규,1,0.047458,"[신도시 개발에 따른 대중교통 수요 발생의 시계열적 패턴]
   └ 학회: 한국철도학회 (IF: 0.45)"
171,2022,기타 공학,738778565,김민영,1,0.047458,"[신도시 개발에 따른 대중교통 수요 발생의 시계열적 패턴]
   └ 학회: 한국철도학회 (IF: 0.45)"
172,2022,기타 공학,214106659,황선아,1,0.047458,"[신도시 개발에 따른 대중교통 수요 발생의 시계열적 패턴]
   └ 학회: 한국철도학회 (IF: 0.45)"
173,2022,기타 공학,261780811,한영환,1,0.047458,"[딥 러닝 기반의 제스처 인식 시스템]
   └ 학회: 한국재활복지공학회 (IF: 0.39)"
174,2022,기타 공학,455725985,김진희,4,0.040679,"[개인 성향과 대중교통 만족도가 자율주행 수요대응 대중교통 잠재선호에 미치는 영향에 관한 연구]
   └ 학회: 대한교통학회 (IF: 1.22)
--------------------------------
[수도권 통근상황에서 온디맨드 모빌리티 서비스 잠재 선호도 분석]
   └ 학회: 대한교통학회 (IF: 1.22)
--------------------------------
[공유형 초소형전기차 서비스 요소별 만족도가 이용 의향에 미치는 영향 연구]
   └ 학회: 대한교통학회 (IF: 1.22)
--------------------------------
[대기행렬이론을 이용한 수요응답형 대중교통 서비스의 최적 차량 대수 산정에 관한 연구 : 인천 영종도 사례를 중심으로]
   └ 학회: 대한교통학회 (IF: 1.22)"
175,2022,기타 공학,302589652,오철,3,0.040678,"[교차로 차량 주행안전성 예측 기반 위험상황 검지 기술 개발]
   └ 학회: 대한교통학회 (IF: 1.22)
--------------------------------
[Wellness 데이터를 이용한 여객부문 사업용 차량 운전자 사고심각도 영향요인 도출: 고령 및 비고령운전자 비교를 중심으로]
   └ 학회: 대한교통학회 (IF: 1.22)
--------------------------------
[C-ITS 자료 기반 고속도로 위험구간 식별을 위한 주행안전성 평가지표 우선순위 도출]
   └ 학회: 대한교통학회 (IF: 1.22)"
176,2022,기타 공학,295381934,이유봉,2,0.040678,"[비연소 배출특성을 활용한 탄소중립시대의 자동차세 개선방안 연구: 자동차 보유세를 중심으로]
   └ 학회: 대한교통학회 (IF: 1.22)
--------------------------------
[탄소중립시대를 대비한 환경개선부담금 개선방안 연구]
   └ 학회: 대한교통학회 (IF: 1.22)"
177,2022,기타 공학,350361268,김승중,2,0.040678,"[수치해석을 이용한 팬터그래프의 공기역학적 압상력 예측 방법]
   └ 학회: 한국철도학회 (IF: 0.45)
--------------------------------
[수치해석을 이용한 일반형 전동차 내부 공기연령 개선 연구]
   └ 학회: 한국철도학회 (IF: 0.45)"
178,2022,기타 공학,261946683,고우영,1,0.040678,"[텍스트마이닝 기법을 활용한 스마트시티 교통부문 Use Case 평가지표 선정 방법론: 대구광역시 스마트시티 사례를 중심으로]
   └ 학회: 대한교통학회 (IF: 1.22)"
179,2022,기타 공학,208049549,홍정열,1,0.040678,"[텍스트마이닝 기법을 활용한 스마트시티 교통부문 Use Case 평가지표 선정 방법론: 대구광역시 스마트시티 사례를 중심으로]
   └ 학회: 대한교통학회 (IF: 1.22)"
180,2022,기타 공학,709680972,박용태,1,0.040678,"[레진 인퓨전 공법을 이용한 철도차량용 고인성 복합재료 라미네이트 패널 제작 기술]
   └ 학회: 한국철도학회 (IF: 0.45)"
181,2022,기타 공학,662022103,멩게 합타무 게베예후,1,0.040678,"[레진 인퓨전 공법을 이용한 철도차량용 고인성 복합재료 라미네이트 패널 제작 기술]
   └ 학회: 한국철도학회 (IF: 0.45)"
182,2022,기타 공학,444805558,이상우,1,0.040678,"[탄소섬유 복합재 격자구조체를 적용한 자기부상열차의 경량화 설계 및 구조안전성 평가]
   └ 학회: 한국철도학회 (IF: 0.45)"
183,2022,기타 공학,537565187,안효훈,1,0.040678,"[탄소섬유 복합재 격자구조체를 적용한 자기부상열차의 경량화 설계 및 구조안전성 평가]
   └ 학회: 한국철도학회 (IF: 0.45)"
184,2022,기타 공학,646291892,신광복,1,0.040678,"[탄소섬유 복합재 격자구조체를 적용한 자기부상열차의 경량화 설계 및 구조안전성 평가]
   └ 학회: 한국철도학회 (IF: 0.45)"
185,2022,기타 공학,284585918,김범수,1,0.040678,"[고속열차 하부에 장착된 비접촉식 제설장치의 요각에 따른 효과에 대한 연구]
   └ 학회: 한국철도학회 (IF: 0.45)"
186,2022,기타 공학,534977046,이관중,1,0.040678,"[고속열차 하부에 장착된 비접촉식 제설장치의 요각에 따른 효과에 대한 연구]
   └ 학회: 한국철도학회 (IF: 0.45)"
187,2022,기타 공학,438573766,송동민,1,0.040678,"[수치해석을 이용한 일반형 전동차 내부 공기연령 개선 연구]
   └ 학회: 한국철도학회 (IF: 0.45)"
188,2022,기타 공학,577485739,이환필,2,0.037288,"[고속도로 화물차 군집주행 서비스 운영 및 제어권 설정 연구]
   └ 학회: 대한교통학회 (IF: 1.22)
--------------------------------
[자율협력주행을 위한 교통정보 수집·제공 체계 요구기능 구상]
   └ 학회: 대한교통학회 (IF: 1.22)"
189,2022,기타 공학,316389871,최인성,1,0.037288,"[자율주행차 규제 혁신 로드맵 2.0]
   └ 학회: 대한교통학회 (IF: 1.22)"
190,2022,기타 공학,165067038,백승걸,1,0.037288,"[고속도로 화물차 군집주행 서비스 운영 및 제어권 설정 연구]
   └ 학회: 대한교통학회 (IF: 1.22)"
191,2022,기타 공학,540547785,조현배,1,0.037288,"[고속도로 화물차 군집주행 서비스 운영 및 제어권 설정 연구]
   └ 학회: 대한교통학회 (IF: 1.22)"
192,2022,기타 공학,226282965,노정현,1,0.037288,"[고속도로 화물차 군집주행 서비스 운영 및 제어권 설정 연구]
   └ 학회: 대한교통학회 (IF: 1.22)"
193,2022,기타 공학,388966699,황순천,1,0.037288,"[[박사학위논문소개] 운전성향 기반 자율주행 패턴 선호도 평가 연구]
   └ 학회: 대한교통학회 (IF: 1.22)"
194,2022,기타 공학,196869170,이주민,1,0.037288,"[자율주행차 상용화 대비 법제 정비의 필요성]
   └ 학회: 대한교통학회 (IF: 1.22)"
195,2022,기타 공학,448933725,윤재용,1,0.037288,"[자율주행시대 도로 인프라 변화 방향 조사]
   └ 학회: 대한교통학회 (IF: 1.22)"
196,2022,기타 공학,708173924,김보성,1,0.037288,"[자율주행시대 도로 인프라 변화 방향 조사]
   └ 학회: 대한교통학회 (IF: 1.22)"
197,2022,기타 공학,509897906,윤덕근,1,0.037288,"[자율주행시대 도로 인프라 변화 방향 조사]
   └ 학회: 대한교통학회 (IF: 1.22)"
198,2022,기타 공학,472457194,김병규,1,0.033899,"[철근콘크리트 터널 라이닝 모형을 활용한 GPR 신호 특성 연구]
   └ 학회: 한국철도학회 (IF: 0.45)"
199,2022,기타 공학,426664,박찬배,2,0.033898,"[철도차량용 45kW급 마그네틱 기어드 동기전동기 이중 회전자의 설계 신뢰성 분석 연구]
   └ 학회: 한국철도학회 (IF: 0.45)
--------------------------------
[철도차량 구동용 마그네틱 기어드 동기전동기 기술 개발 현황]
   └ 학회: 한국철도학회 (IF: 0.45)"
200,2022,기타 공학,248522577,김대식,1,0.033898,"[철도차량 고객편의시설 선호도 분석]
   └ 학회: 한국철도학회 (IF: 0.45)"
201,2022,기타 공학,452058345,정형일,1,0.033898,"[철도차량 고객편의시설 선호도 분석]
   └ 학회: 한국철도학회 (IF: 0.45)"
202,2022,기타 공학,975037367,고형호,1,0.033898,"[철도차량 고객편의시설 선호도 분석]
   └ 학회: 한국철도학회 (IF: 0.45)"
203,2022,기타 공학,400967942,이형우,1,0.033898,"[철도차량 구동용 마그네틱 기어드 동기전동기 기술 개발 현황]
   └ 학회: 한국철도학회 (IF: 0.45)"
204,2022,기타 공학,4602303,이재범,1,0.033898,"[철도차량 구동용 마그네틱 기어드 동기전동기 기술 개발 현황]
   └ 학회: 한국철도학회 (IF: 0.45)"
205,2022,기타 공학,103801178,이장무,1,0.033898,"[화물 전기기관차의 교직 겸용 개조방안 연구]
   └ 학회: 한국철도학회 (IF: 0.45)"
206,2022,기타 공학,179919091,홍석기,1,0.030508,"[교통사고 현장구경(Rubbernecking) 임시 차폐시설 설치 효과분석: 영동고속도로를 중심으로]
   └ 학회: 대한교통학회 (IF: 1.22)"
207,2022,기타 공학,156781477,이지연,1,0.030508,"[교통사고 현장구경(Rubbernecking) 임시 차폐시설 설치 효과분석: 영동고속도로를 중심으로]
   └ 학회: 대한교통학회 (IF: 1.22)"
208,2022,기타 공학,509400005,정희정,1,0.030508,"[교통사고 현장구경(Rubbernecking) 임시 차폐시설 설치 효과분석: 영동고속도로를 중심으로]
   └ 학회: 대한교통학회 (IF: 1.22)"
209,2022,기타 공학,160362270,강순양,1,0.030508,"[노면전차 설계유형별 교통안전진단 기준의 고찰]
   └ 학회: 대한교통학회 (IF: 1.22)"
210,2022,기타 공학,408928530,진태희,1,0.030508,"[[박사학위논문소개] 교통안전과 소통을 고려한 합리적인 속도제한 기준 제시에 관한 연구]
   └ 학회: 대한교통학회 (IF: 1.22)"
211,2022,기타 공학,584092840,박용우,1,0.030508,"[[박사학위논문소개] 고속도로 사고위험지점 식별을 위한 교통사고 위험도 종합 평가지표 개발 연구]
   └ 학회: 대한교통학회 (IF: 1.22)"
212,2022,기타 공학,157194344,윤여환,1,0.030508,"[교통사고 검지 기술 동향과 음향 신호 기반 기술 도입 효과 연구: 터널 및 지하도로를 중심으로]
   └ 학회: 대한교통학회 (IF: 1.22)"
213,2022,기타 공학,254775445,조용성,1,0.030508,"[교통사고 검지 기술 동향과 음향 신호 기반 기술 도입 효과 연구: 터널 및 지하도로를 중심으로]
   └ 학회: 대한교통학회 (IF: 1.22)"
214,2022,기타 공학,878912460,정창모,1,0.030508,"[400㎞/h급 전차선로 고도화 추진]
   └ 학회: 한국철도학회 (IF: 0.45)"
215,2022,기타 공학,453590331,홍석진,1,0.030508,"[400㎞/h급 전차선로 고도화 추진]
   └ 학회: 한국철도학회 (IF: 0.45)"
216,2022,기타 공학,605634441,홍석진,1,0.030508,"[전기철도 전차선로 부품의 3차원 디지털화 연구]
   └ 학회: 한국철도학회 (IF: 0.45)"
217,2022,기타 공학,384196326,이종우,1,0.030508,"[전기철도 전차선로 부품의 3차원 디지털화 연구]
   └ 학회: 한국철도학회 (IF: 0.45)"
218,2022,기타 공학,794020824,이기원,1,0.030508,"[전기철도 전차선로 부품의 3차원 디지털화 연구]
   └ 학회: 한국철도학회 (IF: 0.45)"
219,2022,기타 공학,950812743,최균석,1,0.030508,"[전기철도 전차선로 부품의 3차원 디지털화 연구]
   └ 학회: 한국철도학회 (IF: 0.45)"
220,2022,기타 공학,897416748,서사범,5,0.027119,"[분기기에서의 열차-궤도 상호작용, 차륜-레일접촉 및 레일 피해예측을 위한 수치 시뮬레이션 접근법]
   └ 학회: 한국철도학회 (IF: 0.45)
--------------------------------
[간단한 현장 측정을 통한 궤도 강성의 확인 방법]
   └ 학회: 한국철도학회 (IF: 0.45)
--------------------------------
[무도상 궤도의 기후 영향 최소화]
   └ 학회: 한국철도학회 (IF: 0.45)
--------------------------------
[분기기의 동적 차량 - 궤도 상호작용을 시뮬레이션하기 위한 여러 가지 궤도모델 공식화의 비교]
   └ 학회: 한국철도학회 (IF: 0.45)
--------------------------------
[동적 열차-궤도 상호작용과 환경 영향을 고려한 슬래브궤도 설계의 최적화]
   └ 학회: 한국철도학회 (IF: 0.45)"
221,2022,기타 공학,919470311,조신형,2,0.027119,"[도시철도 노선 연장이 대중교통 이용에 미치는 영향]
   └ 학회: 대한교통학회 (IF: 1.22)
--------------------------------
[토지이용패턴과 사회경제지표가 지하철 수요 변화에 미치는 영향: 서울 지하철 9호선을 중심으로]
   └ 학회: 한국철도학회 (IF: 0.45)"
222,2022,기타 공학,729757286,김환수,1,0.027119,"[성남도시철도 2호선 트램 개통으로 인한 지역간 효과 분석]
   └ 학회: 대한교통학회 (IF: 1.22)"
223,2022,기타 공학,108394868,한웅구,1,0.027119,"[성남도시철도 2호선 트램 개통으로 인한 지역간 효과 분석]
   └ 학회: 대한교통학회 (IF: 1.22)"
224,2022,기타 공학,746751203,이은학,1,0.027119,"[도시철도 노선 연장이 대중교통 이용에 미치는 영향]
   └ 학회: 대한교통학회 (IF: 1.22)"
225,2022,기타 공학,270493957,박지원,1,0.027119,"[Wellness 데이터를 이용한 여객부문 사업용 차량 운전자 사고심각도 영향요인 도출: 고령 및 비고령운전자 비교를 중심으로]
   └ 학회: 대한교통학회 (IF: 1.22)"
226,2022,기타 공학,278065503,조은솔,1,0.027119,"[Wellness 데이터를 이용한 여객부문 사업용 차량 운전자 사고심각도 영향요인 도출: 고령 및 비고령운전자 비교를 중심으로]
   └ 학회: 대한교통학회 (IF: 1.22)"
227,2022,기타 공학,443943325,김윤종,1,0.027119,"[Wellness 데이터를 이용한 여객부문 사업용 차량 운전자 사고심각도 영향요인 도출: 고령 및 비고령운전자 비교를 중심으로]
   └ 학회: 대한교통학회 (IF: 1.22)"
228,2022,기타 공학,960169047,이수범,1,0.027119,"[시스템 다이내믹스 분석기법을 활용한 전세버스 업체 교통사고위험예측에 관한 연구]
   └ 학회: 대한교통학회 (IF: 1.22)"
229,2022,기타 공학,920242627,이성준,1,0.027119,"[스쿨존 내 어린이 사고 심각도 영향요인분석]
   └ 학회: 대한교통학회 (IF: 1.22)"
230,2022,기타 공학,541902727,박성민,1,0.027119,"[스쿨존 내 어린이 사고 심각도 영향요인분석]
   └ 학회: 대한교통학회 (IF: 1.22)"
231,2022,기타 공학,300098644,조준한,1,0.027119,"[스쿨존 내 어린이 사고 심각도 영향요인분석]
   └ 학회: 대한교통학회 (IF: 1.22)"
232,2022,기타 공학,901665889,천승훈,1,0.027119,"[지자체 교통운영 및 정책지원을 위한 교통분석 표준모델 개발: 신호운영 표준모델(“Light-T”)을 중심으로]
   └ 학회: 대한교통학회 (IF: 1.22)"
233,2022,기타 공학,318383177,이숭봉,1,0.027119,"[지자체 교통운영 및 정책지원을 위한 교통분석 표준모델 개발: 신호운영 표준모델(“Light-T”)을 중심으로]
   └ 학회: 대한교통학회 (IF: 1.22)"
234,2022,기타 공학,400167430,이종우,1,0.027119,"[지자체 교통운영 및 정책지원을 위한 교통분석 표준모델 개발: 신호운영 표준모델(“Light-T”)을 중심으로]
   └ 학회: 대한교통학회 (IF: 1.22)"
235,2022,기타 공학,561213580,이채영,1,0.027119,"[지자체 교통운영 및 정책지원을 위한 교통분석 표준모델 개발: 신호운영 표준모델(“Light-T”)을 중심으로]
   └ 학회: 대한교통학회 (IF: 1.22)"
236,2022,기타 공학,974944780,장현호,1,0.027119,"[지자체 교통운영 및 정책지원을 위한 교통분석 표준모델 개발: 신호운영 표준모델(“Light-T”)을 중심으로]
   └ 학회: 대한교통학회 (IF: 1.22)"
237,2022,기타 공학,814162384,이진수,1,0.027119,"[지자체 교통운영 및 정책지원을 위한 교통분석 표준모델 개발: 신호운영 표준모델(“Light-T”)을 중심으로]
   └ 학회: 대한교통학회 (IF: 1.22)"
238,2022,기타 공학,709432429,정수호,1,0.027119,"[지자체 교통운영 및 정책지원을 위한 교통분석 표준모델 개발: 신호운영 표준모델(“Light-T”)을 중심으로]
   └ 학회: 대한교통학회 (IF: 1.22)"
239,2022,기타 공학,587894295,이혁성,1,0.027119,"[공유형 초소형전기차 서비스 요소별 만족도가 이용 의향에 미치는 영향 연구]
   └ 학회: 대한교통학회 (IF: 1.22)"
240,2022,기타 공학,120314182,서성주,1,0.027119,"[공유형 초소형전기차 서비스 요소별 만족도가 이용 의향에 미치는 영향 연구]
   └ 학회: 대한교통학회 (IF: 1.22)"
241,2022,기타 공학,189073798,심민아,1,0.027119,"[공유형 초소형전기차 서비스 요소별 만족도가 이용 의향에 미치는 영향 연구]
   └ 학회: 대한교통학회 (IF: 1.22)"
242,2022,기타 공학,409999366,김재은,1,0.027119,"[공유형 초소형전기차 서비스 요소별 만족도가 이용 의향에 미치는 영향 연구]
   └ 학회: 대한교통학회 (IF: 1.22)"
243,2022,기타 공학,636479627,김기혁,1,0.027119,"[도시철도 무임수송 손실 누구의 몫인가?]
   └ 학회: 대한교통학회 (IF: 1.22)"
244,2022,기타 공학,4221533,이은수,1,0.027119,"[도시철도차량용 3MW급 반도체 변압기 시스템 설계 및 차량 운전조건을 적용한 손실 분석]
   └ 학회: 한국철도학회 (IF: 0.45)"
245,2022,기타 공학,941789208,곽주일,1,0.027119,"[고속철도 차량용 반도체 변압기에 사용되는 DAB 컨버터와 CLLC 공진형 컨버터의 비교/분석]
   └ 학회: 한국철도학회 (IF: 0.45)"
246,2022,기타 공학,454091234,박백중,1,0.027119,"[철도신호설비의 안정성 유지와 낙뢰피해 방지를 위한 방안제시]
   └ 학회: 한국철도학회 (IF: 0.45)"
247,2022,기타 공학,987944531,이인묵,1,0.027119,"[교통카드데이터를 활용한 대중교통 수단선택 행태분석: 버스의 도시철도에 대한 대체 및 경합을 중심으로]
   └ 학회: 한국철도학회 (IF: 0.45)"
248,2022,기타 공학,979141027,박영빈,1,0.027118999999999997,"[텍스트 마이닝 기법을 이용한 ‘장애인’ 키워드 민원 데이터 분석 : 시각장애인을 중심으로]
   └ 학회: 한국재활복지공학회 (IF: 0.39)"
249,2022,기타 공학,968384636,이정민,1,0.027118999999999997,"[텍스트 마이닝 기법을 이용한 ‘장애인’ 키워드 민원 데이터 분석 : 시각장애인을 중심으로]
   └ 학회: 한국재활복지공학회 (IF: 0.39)"
250,2022,기타 공학,396308217,강동헌,1,0.027118999999999997,"[텍스트 마이닝 기법을 이용한 ‘장애인’ 키워드 민원 데이터 분석 : 시각장애인을 중심으로]
   └ 학회: 한국재활복지공학회 (IF: 0.39)"
251,2022,기타 공학,101014701,은선덕,1,0.027118999999999997,"[텍스트 마이닝 기법을 이용한 ‘장애인’ 키워드 민원 데이터 분석 : 시각장애인을 중심으로]
   └ 학회: 한국재활복지공학회 (IF: 0.39)"
252,2022,기타 공학,5089681,박지영,1,0.027118999999999997,"[텍스트 마이닝 기법을 이용한 ‘장애인’ 키워드 민원 데이터 분석 : 시각장애인을 중심으로]
   └ 학회: 한국재활복지공학회 (IF: 0.39)"
253,2022,기타 공학,276939735,이인영,1,0.023728,"[AI CCTV를 활용한 ‘3마 스테이션’: 인공지능이 심정지, 몰카로부터 고객을 구한다!]
   └ 학회: 대한교통학회 (IF: 1.22)"
254,2022,기타 공학,637177196,김중진,1,0.023728,"[AI CCTV를 활용한 ‘3마 스테이션’: 인공지능이 심정지, 몰카로부터 고객을 구한다!]
   └ 학회: 대한교통학회 (IF: 1.22)"
255,2022,기타 공학,618842807,김태광,1,0.023728,"[AI CCTV를 활용한 ‘3마 스테이션’: 인공지능이 심정지, 몰카로부터 고객을 구한다!]
   └ 학회: 대한교통학회 (IF: 1.22)"
256,2022,기타 공학,369425697,성태영,1,0.023728,"[AI CCTV를 활용한 ‘3마 스테이션’: 인공지능이 심정지, 몰카로부터 고객을 구한다!]
   └ 학회: 대한교통학회 (IF: 1.22)"
257,2022,기타 공학,684213949,정광복,1,0.020339,"[개인형(공유) 이동장치 제도 및 운영 여건 검토에 따른 개선방안 연구]
   └ 학회: 대한교통학회 (IF: 1.22)"
258,2022,기타 공학,702114501,김태호,1,0.020339,"[개인형(공유) 이동장치 제도 및 운영 여건 검토에 따른 개선방안 연구]
   └ 학회: 대한교통학회 (IF: 1.22)"
259,2022,기타 공학,334306912,김영율,1,0.020339,"[개인형(공유) 이동장치 제도 및 운영 여건 검토에 따른 개선방안 연구]
   └ 학회: 대한교통학회 (IF: 1.22)"
260,2022,기타 공학,635358135,이유현,1,0.020339,"[탄소중립 시대 친환경차 산업정책의 정책과제와 방향성 연구]
   └ 학회: 대한교통학회 (IF: 1.22)"
261,2022,기타 공학,207862212,박민주,1,0.020339,"[탄소중립 시대 친환경차 산업정책의 정책과제와 방향성 연구]
   └ 학회: 대한교통학회 (IF: 1.22)"
262,2022,기타 공학,272954406,강수희,1,0.020339,"[디자인씽킹 기반 V2H 커뮤니케이션 요구사항 조사 연구]
   └ 학회: 대한교통학회 (IF: 1.22)"
263,2022,기타 공학,166080726,이상화,1,0.020339,"[디자인씽킹 기반 V2H 커뮤니케이션 요구사항 조사 연구]
   └ 학회: 대한교통학회 (IF: 1.22)"
264,2022,기타 공학,995242571,권수민,1,0.020339,"[디자인씽킹 기반 V2H 커뮤니케이션 요구사항 조사 연구]
   └ 학회: 대한교통학회 (IF: 1.22)"
265,2022,기타 공학,106348208,하연화,1,0.020339,"[디자인씽킹 기반 V2H 커뮤니케이션 요구사항 조사 연구]
   └ 학회: 대한교통학회 (IF: 1.22)"
266,2022,기타 공학,530362197,곽주현,1,0.020339,"[COVID에 따른 공간적 이용 변화 영향 분석 : 공유자전거를 중심으로]
   └ 학회: 대한교통학회 (IF: 1.22)"
267,2022,기타 공학,615038405,오하람,1,0.020339,"[COVID에 따른 공간적 이용 변화 영향 분석 : 공유자전거를 중심으로]
   └ 학회: 대한교통학회 (IF: 1.22)"
268,2022,기타 공학,474434209,정일호,1,0.020339,"[COVID에 따른 공간적 이용 변화 영향 분석 : 공유자전거를 중심으로]
   └ 학회: 대한교통학회 (IF: 1.22)"
269,2022,기타 공학,793168006,신승헌,1,0.020339,"[COVID에 따른 공간적 이용 변화 영향 분석 : 공유자전거를 중심으로]
   └ 학회: 대한교통학회 (IF: 1.22)"
270,2022,기타 공학,852531143,이승재,1,0.020339,"[COVID에 따른 공간적 이용 변화 영향 분석 : 공유자전거를 중심으로]
   └ 학회: 대한교통학회 (IF: 1.22)"
271,2022,기타 공학,385069914,조도형,1,0.020339,"[비연소 배출특성을 활용한 탄소중립시대의 자동차세 개선방안 연구: 자동차 보유세를 중심으로]
   └ 학회: 대한교통학회 (IF: 1.22)"
272,2022,기타 공학,381035506,한정헌,1,0.020339,"[탄소중립시대를 대비한 환경개선부담금 개선방안 연구]
   └ 학회: 대한교통학회 (IF: 1.22)"
273,2022,기타 공학,862167886,박기준,1,0.020339,"[민간 개인형 이동장치 공유서비스 확산에 따른 공영자전거의 서비스 방향: 경상남도 창원시를 중심으로]
   └ 학회: 대한교통학회 (IF: 1.22)"
274,2022,기타 공학,562540581,이광재,1,0.020339,"[철도안전관리체계 승인제도 개선을 위한 철도사고 현황 분석 및 철도안전관리업무 종사자 인식 조사]
   └ 학회: 한국철도학회 (IF: 0.45)"
275,2022,기타 공학,821696891,김명종,1,0.020339,"[철도안전관리체계 승인제도 개선을 위한 철도사고 현황 분석 및 철도안전관리업무 종사자 인식 조사]
   └ 학회: 한국철도학회 (IF: 0.45)"
276,2022,기타 공학,711803,장승엽,1,0.020339,"[철도안전관리체계 승인제도 개선을 위한 철도사고 현황 분석 및 철도안전관리업무 종사자 인식 조사]
   └ 학회: 한국철도학회 (IF: 0.45)"
277,2022,기타 공학,923311763,송병대,1,0.020339,"[철도안전관리체계 승인제도 개선을 위한 철도사고 현황 분석 및 철도안전관리업무 종사자 인식 조사]
   └ 학회: 한국철도학회 (IF: 0.45)"
278,2022,기타 공학,639575871,방명석,1,0.020339,"[철도안전관리체계 승인제도 개선을 위한 철도사고 현황 분석 및 철도안전관리업무 종사자 인식 조사]
   └ 학회: 한국철도학회 (IF: 0.45)"
279,2022,기타 공학,531009250,김수재,1,0.016949,"[[박사학위논문소개] 유전알고리즘을 활용한 공유 전동킥보드 최적 재배치 전략]
   └ 학회: 대한교통학회 (IF: 1.22)"
280,2022,기타 공학,856219906,박춘수,1,0.016949,"[열차풍 환경의 드론 조종성능 시험장치 구축]
   └ 학회: 한국철도학회 (IF: 0.45)"
281,2022,기타 공학,5443862,이재형,3,0.01356,"[개인 성향과 대중교통 만족도가 자율주행 수요대응 대중교통 잠재선호에 미치는 영향에 관한 연구]
   └ 학회: 대한교통학회 (IF: 1.22)
--------------------------------
[수도권 통근상황에서 온디맨드 모빌리티 서비스 잠재 선호도 분석]
   └ 학회: 대한교통학회 (IF: 1.22)
--------------------------------
[대기행렬이론을 이용한 수요응답형 대중교통 서비스의 최적 차량 대수 산정에 관한 연구 : 인천 영종도 사례를 중심으로]
   └ 학회: 대한교통학회 (IF: 1.22)"
282,2022,기타 공학,186617507,손승오,2,0.013559,"[데이터마이닝 기반의 사고심각도 가중치 적용 예측변수를 활용한 교차로 사고예측모형 개발]
   └ 학회: 대한교통학회 (IF: 1.22)
--------------------------------
[GIS 데이터를 활용한 도시부 인프라 세부위험구역 식별 방법론 개발]
   └ 학회: 대한교통학회 (IF: 1.22)"
283,2022,기타 공학,2279454,조영,2,0.013559,"[교차로 차량 주행안전성 예측 기반 위험상황 검지 기술 개발]
   └ 학회: 대한교통학회 (IF: 1.22)
--------------------------------
[C-ITS 자료 기반 고속도로 위험구간 식별을 위한 주행안전성 평가지표 우선순위 도출]
   └ 학회: 대한교통학회 (IF: 1.22)"
284,2022,기타 공학,464716691,백종현,2,0.013559,"[철도시스템 소프트웨어의 정량적 신뢰성 예측평가 도구개발]
   └ 학회: 한국철도학회 (IF: 0.45)
--------------------------------
[귀선전류 고조파에 의한 자동열차방호장치(ATP) 발리스 간섭 비교 분석]
   └ 학회: 한국철도학회 (IF: 0.45)"
285,2022,기타 공학,488812098,권용복,1,0.013559,"[모빌리티 패러다임 전환의 시대, ‘안전’의 영역과 과제]
   └ 학회: 대한교통학회 (IF: 1.22)"
286,2022,기타 공학,219444234,정아람,1,0.013559,"[C-ITS 자료 기반 고속도로 위험구간 식별을 위한 주행안전성 평가지표 우선순위 도출]
   └ 학회: 대한교통학회 (IF: 1.22)"
287,2022,기타 공학,136175576,박현진,1,0.013559,"[C-ITS 자료 기반 고속도로 위험구간 식별을 위한 주행안전성 평가지표 우선순위 도출]
   └ 학회: 대한교통학회 (IF: 1.22)"
288,2022,기타 공학,884888544,박재홍,1,0.013559,"[C-ITS 자료 기반 고속도로 위험구간 식별을 위한 주행안전성 평가지표 우선순위 도출]
   └ 학회: 대한교통학회 (IF: 1.22)"
289,2022,기타 공학,960723873,조현정,1,0.013559,"[철도시스템 소프트웨어의 정량적 신뢰성 예측평가 도구개발]
   └ 학회: 한국철도학회 (IF: 0.45)"
290,2022,기타 공학,186494500,신경호,1,0.013559,"[철도시스템 소프트웨어의 정량적 신뢰성 예측평가 도구개발]
   └ 학회: 한국철도학회 (IF: 0.45)"
291,2022,기타 공학,379617496,신덕호,1,0.013559,"[철도시스템 소프트웨어의 정량적 신뢰성 예측평가 도구개발]
   └ 학회: 한국철도학회 (IF: 0.45)"
292,2022,기타 공학,235362725,강정선,1,0.013559,"[시각적 피드백을 이용한 수동휠체어 주행훈련 시스템의 생리적 및 기계적 효율성 분석]
   └ 학회: 한국재활복지공학회 (IF: 0.39)"
293,2022,기타 공학,423247463,홍응표,1,0.013559,"[시각적 피드백을 이용한 수동휠체어 주행훈련 시스템의 생리적 및 기계적 효율성 분석]
   └ 학회: 한국재활복지공학회 (IF: 0.39)"
294,2022,기타 공학,329663774,김규석,1,0.013559,"[시각적 피드백을 이용한 수동휠체어 주행훈련 시스템의 생리적 및 기계적 효율성 분석]
   └ 학회: 한국재활복지공학회 (IF: 0.39)"
295,2022,기타 공학,837849797,장윤희,1,0.013559,"[시각적 피드백을 이용한 수동휠체어 주행훈련 시스템의 생리적 및 기계적 효율성 분석]
   └ 학회: 한국재활복지공학회 (IF: 0.39)"
296,2022,기타 공학,690477856,김현,2,0.010169,"[자율주행시스템의 운전면허에 관한 수용성]
   └ 학회: 대한교통학회 (IF: 1.22)
--------------------------------
[유턴을 고려한 교통축 적용 수요대응 자율주행 대중교통(DRDTO)의 실시간 동적 경로 생성 알고리즘]
   └ 학회: 대한교통학회 (IF: 1.22)"
297,2022,기타 공학,566941000,홍용기,2,0.010169,"[철도의 인공지능(AI) 발전]
   └ 학회: 한국철도학회 (IF: 0.45)
--------------------------------
[철도의 저탄소 정책동향]
   └ 학회: 한국철도학회 (IF: 0.45)"
298,2022,기타 공학,272087812,유선형,1,0.010169,"[유턴을 고려한 교통축 적용 수요대응 자율주행 대중교통(DRDTO)의 실시간 동적 경로 생성 알고리즘]
   └ 학회: 대한교통학회 (IF: 1.22)"
299,2022,기타 공학,252950506,이진우,1,0.010169,"[유턴을 고려한 교통축 적용 수요대응 자율주행 대중교통(DRDTO)의 실시간 동적 경로 생성 알고리즘]
   └ 학회: 대한교통학회 (IF: 1.22)"
300,2022,기타 공학,945134653,백범열,1,0.010169,"[유턴을 고려한 교통축 적용 수요대응 자율주행 대중교통(DRDTO)의 실시간 동적 경로 생성 알고리즘]
   └ 학회: 대한교통학회 (IF: 1.22)"
301,2022,기타 공학,183238249,신정희,1,0.010169,"[유턴을 고려한 교통축 적용 수요대응 자율주행 대중교통(DRDTO)의 실시간 동적 경로 생성 알고리즘]
   └ 학회: 대한교통학회 (IF: 1.22)"
302,2022,기타 공학,682120785,양재환,1,0.010169,"[머신러닝 모형을 이용한 대중교통 통행목적 추정]
   └ 학회: 대한교통학회 (IF: 1.22)"
303,2022,기타 공학,811236055,김승준,1,0.010169,"[머신러닝 모형을 이용한 대중교통 통행목적 추정]
   └ 학회: 대한교통학회 (IF: 1.22)"
304,2022,기타 공학,570695836,박세현,1,0.010169,"[머신러닝 모형을 이용한 대중교통 통행목적 추정]
   └ 학회: 대한교통학회 (IF: 1.22)"
305,2022,기타 공학,208299475,손상훈,3,0.00678,"[교통유발부담금 제도 발전 방안 고찰: 제주지역 사례를 중심으로]
   └ 학회: 대한교통학회 (IF: 1.22)
--------------------------------
[제주특별자치도 교통유발부담금 교통량 감축활동 및 이행 개선 사례]
   └ 학회: 대한교통학회 (IF: 1.22)
--------------------------------
[버스 노선의 합리적 조정을 위한 대안 발굴 및 비교 사례 소개: 제주특별자치도 장거리 급행 노선을 중심으로]
   └ 학회: 대한교통학회 (IF: 1.22)"
306,2022,기타 공학,704697750,정동재,2,0.00678,"[퍼지추론을 반영한 Social Force Model 기반의 보행자 이동행태 모형 개발]
   └ 학회: 대한교통학회 (IF: 1.22)
--------------------------------
[인천시 수요응답형 교통수단(DRT) 사례 연구]
   └ 학회: 대한교통학회 (IF: 1.22)"
307,2022,기타 공학,718257,박준수,2,0.00678,"[대기행렬이론을 이용한 수요응답형 대중교통 서비스의 최적 차량 대수 산정에 관한 연구 : 인천 영종도 사례를 중심으로]
   └ 학회: 대한교통학회 (IF: 1.22)
--------------------------------
[시각장애인을 위한 딥러닝 기반의 실시간 임베디드 보조 시스템 개발에 관한 연구]
   └ 학회: 한국재활복지공학회 (IF: 0.39)"
308,2022,기타 공학,565281082,이백진,1,0.00678,"[자율주행시대 도로첨단화에 대한 지불의사액 추정 연구]
   └ 학회: 대한교통학회 (IF: 1.22)"
309,2022,기타 공학,305723593,남궁문,1,0.00678,"[자율주행시대 도로첨단화에 대한 지불의사액 추정 연구]
   └ 학회: 대한교통학회 (IF: 1.22)"
310,2022,기타 공학,725812900,김도현,1,0.00678,"[자율주행시대 도로첨단화에 대한 지불의사액 추정 연구]
   └ 학회: 대한교통학회 (IF: 1.22)"
311,2022,기타 공학,885640140,김창훈,1,0.00678,"[토픽모델링 기반의 판례분석을 통한 난폭운전과 보복운전 특성 비교 연구]
   └ 학회: 대한교통학회 (IF: 1.22)"
312,2022,기타 공학,111225175,이수정,1,0.00678,"[토픽모델링 기반의 판례분석을 통한 난폭운전과 보복운전 특성 비교 연구]
   └ 학회: 대한교통학회 (IF: 1.22)"
313,2022,기타 공학,387913346,고윤우,1,0.00678,"[수도권 통근상황에서 온디맨드 모빌리티 서비스 잠재 선호도 분석]
   └ 학회: 대한교통학회 (IF: 1.22)"
314,2022,기타 공학,684532059,송혜인,1,0.00678,"[버스 노선의 합리적 조정을 위한 대안 발굴 및 비교 사례 소개: 제주특별자치도 장거리 급행 노선을 중심으로]
   └ 학회: 대한교통학회 (IF: 1.22)"
315,2022,기타 공학,954398076,김종형,1,0.00678,"[인천시 수요응답형 교통수단(DRT) 사례 연구]
   └ 학회: 대한교통학회 (IF: 1.22)"
316,2022,기타 공학,282517850,손지언,1,0.00678,"[인천시 수요응답형 교통수단(DRT) 사례 연구]
   └ 학회: 대한교통학회 (IF: 1.22)"
317,2022,기타 공학,822663094,고영림,1,0.00678,"[VISSIM 시뮬레이션 트럭 파라미터 설정에 따른 환경적인 영향 및 권장 사항]
   └ 학회: 대한교통학회 (IF: 1.22)"
318,2022,기타 공학,341211371,박상준,1,0.00678,"[VISSIM 시뮬레이션 트럭 파라미터 설정에 따른 환경적인 영향 및 권장 사항]
   └ 학회: 대한교통학회 (IF: 1.22)"
319,2022,기타 공학,774349757,정세휘,1,0.00678,"[VISSIM 시뮬레이션 트럭 파라미터 설정에 따른 환경적인 영향 및 권장 사항]
   └ 학회: 대한교통학회 (IF: 1.22)"
320,2022,기타 공학,253751421,최동일,1,0.00678,"[지체·뇌병변 최중증장애인의 보조기기 서비스 과정 사례 연구]
   └ 학회: 한국재활복지공학회 (IF: 0.39)"
321,2022,기타 공학,5341958,배영현,1,0.00678,"[지체·뇌병변 최중증장애인의 보조기기 서비스 과정 사례 연구]
   └ 학회: 한국재활복지공학회 (IF: 0.39)"
322,2022,기타 공학,855356258,류주연,1,0.00678,"[지체·뇌병변 최중증장애인의 보조기기 서비스 과정 사례 연구]
   └ 학회: 한국재활복지공학회 (IF: 0.39)"
323,2022,기타 공학,912890591,이범석,1,0.00678,"[지체·뇌병변 최중증장애인의 보조기기 서비스 과정 사례 연구]
   └ 학회: 한국재활복지공학회 (IF: 0.39)"
324,2022,기타 공학,650653350,송원경,1,0.00678,"[지체·뇌병변 최중증장애인의 보조기기 서비스 과정 사례 연구]
   └ 학회: 한국재활복지공학회 (IF: 0.39)"
325,2022,기타 공학,125867853,김창현,3,0.0,"[Neural Network Predictive Control for Superconducting Hybrid MagLev Conveyor Systems in Smart Factory]
   └ 학회: 한국철도학회 (IF: 0.45)
--------------------------------
[Study of Levitation Force Improvement Structure of Magnetic Levitation System for Logistics Transport considering Leakage Flux]
   └ 학회: 한국철도학회 (IF: 0.45)
--------------------------------
[Backstepping Controller Design of Maglev System for Air-gap Position Control]
   └ 학회: 한국철도학회 (IF: 0.45)"
326,2022,기타 공학,499890788,김원철,2,0.0,"[노출지표 특성에 따른 광역시·도별 교통안전도 비교 연구]
   └ 학회: 대한교통학회 (IF: 1.22)
--------------------------------
[수요응답교통서비스가 이용자의 활동성에 미치는 효과: 지역 간 차이 실증분석]
   └ 학회: 대한교통학회 (IF: 1.22)"
327,2022,기타 공학,585636784,임서현,2,0.0,"[지방도시 이동권 확보 현안과 과제]
   └ 학회: 대한교통학회 (IF: 1.22)
--------------------------------
[수요응답교통서비스가 이용자의 활동성에 미치는 효과: 지역 간 차이 실증분석]
   └ 학회: 대한교통학회 (IF: 1.22)"
328,2022,기타 공학,332644583,김도경,2,0.0,"[카노(KANO)모델을 이용한 어린이보호구역 안전시설 기능 도출]
   └ 학회: 대한교통학회 (IF: 1.22)
--------------------------------
[K-평균 알고리즘 기반의 클러스터링을 통한 장애인 콜택시 대기시간 특성분석]
   └ 학회: 대한교통학회 (IF: 1.22)"
329,2022,기타 공학,532655192,고다슬,2,0.0,"[교통유발부담금 제도 발전 방안 고찰: 제주지역 사례를 중심으로]
   └ 학회: 대한교통학회 (IF: 1.22)
--------------------------------
[제주특별자치도 교통유발부담금 교통량 감축활동 및 이행 개선 사례]
   └ 학회: 대한교통학회 (IF: 1.22)"
330,2022,기타 공학,157283240,이동진,2,0.0,"[RF 에너지를 활용한 열차자율주행 무전원 센서 시스템 기술]
   └ 학회: 한국철도학회 (IF: 0.45)
--------------------------------
[역사 내 스마트 블록을 위한 전파환경 분석 연구]
   └ 학회: 한국철도학회 (IF: 0.45)"
331,2022,기타 공학,941795634,이주,2,0.0,"[Study of Levitation Force Improvement Structure of Magnetic Levitation System for Logistics Transport considering Leakage Flux]
   └ 학회: 한국철도학회 (IF: 0.45)
--------------------------------
[Backstepping Controller Design of Maglev System for Air-gap Position Control]
   └ 학회: 한국철도학회 (IF: 0.45)"
332,2022,기타 공학,652007529,정동훈,2,0.0,"[Study of Levitation Force Improvement Structure of Magnetic Levitation System for Logistics Transport considering Leakage Flux]
   └ 학회: 한국철도학회 (IF: 0.45)
--------------------------------
[Backstepping Controller Design of Maglev System for Air-gap Position Control]
   └ 학회: 한국철도학회 (IF: 0.45)"
333,2022,기타 공학,579046477,김동언,2,0.0,"[가스절연개폐장치 스페이서 내장형 전자식 변류기의 설계 및 제작]
   └ 학회: 한국철도학회 (IF: 0.45)
--------------------------------
[전속(D) 센서에 의한 비접촉식 광대역 전압 측정 장치의 설계 및 제작]
   └ 학회: 한국철도학회 (IF: 0.45)"
334,2022,기타 공학,761846169,김남훈,2,0.0,"[가스절연개폐장치 스페이서 내장형 전자식 변류기의 설계 및 제작]
   └ 학회: 한국철도학회 (IF: 0.45)
--------------------------------
[전속(D) 센서에 의한 비접촉식 광대역 전압 측정 장치의 설계 및 제작]
   └ 학회: 한국철도학회 (IF: 0.45)"
335,2022,기타 공학,210881903,길경석,2,0.0,"[가스절연개폐장치 스페이서 내장형 전자식 변류기의 설계 및 제작]
   └ 학회: 한국철도학회 (IF: 0.45)
--------------------------------
[전속(D) 센서에 의한 비접촉식 광대역 전압 측정 장치의 설계 및 제작]
   └ 학회: 한국철도학회 (IF: 0.45)"
336,2022,기타 공학,777821333,최찬용,2,0.0,"[북한의 철도기술 지식생산 구조에 관한 탐색적 연구]
   └ 학회: 한국철도학회 (IF: 0.45)
--------------------------------
[현장계측을 통한 레일 충돌 댐퍼의 레일 응답 저감 효과 분석]
   └ 학회: 한국철도학회 (IF: 0.45)"
337,2022,기타 공학,774529309,정호연,2,0.0,"[북한의 철도기술 지식생산 구조에 관한 탐색적 연구]
   └ 학회: 한국철도학회 (IF: 0.45)
--------------------------------
[현장계측을 통한 레일 충돌 댐퍼의 레일 응답 저감 효과 분석]
   └ 학회: 한국철도학회 (IF: 0.45)"
338,2022,기타 공학,824910956,김기현,2,0.0,"[열화된 프리스트레스트 콘크리트 보 거동의 해석적 평가]
   └ 학회: 한국철도학회 (IF: 0.45)
--------------------------------
[GFRP 보강근을 적용한 프리캐스트 콘크리트 침목 및 궤도구조]
   └ 학회: 한국철도학회 (IF: 0.45)"
339,2022,기타 공학,973752900,이용상,2,0.0,"[디지털 플랫폼을 구현하는 철도]
   └ 학회: 한국철도학회 (IF: 0.45)
--------------------------------
[철도안전관리 고도화에 관한 연구 - 한국과 일본의 열차 내 승객 안전보호를 중심으로 -]
   └ 학회: 한국철도학회 (IF: 0.45)"
340,2022,기타 공학,655965514,안치형,2,0.0,"[역사 내 스마트 블록을 위한 전파환경 분석 연구]
   └ 학회: 한국철도학회 (IF: 0.45)
--------------------------------
[평판형 유도가열 코일을 이용한 콘크리트 양생 시스템 연구]
   └ 학회: 한국철도학회 (IF: 0.45)"
341,2022,기타 공학,205637426,고태훈,2,0.0,"[눈의 열물성치에 따른 철도 분기부 발열장치의 융설 특성 해석]
   └ 학회: 한국철도학회 (IF: 0.45)
--------------------------------
[콘크리트 보수보강용 폴리머 모르타르의 부착성능 및 미세구조에 관한 연구]
   └ 학회: 한국철도학회 (IF: 0.45)"
342,2022,기타 공학,882607595,배영훈,2,0.0,"[궤도 안정성 향상을 위한 광폭침목 개발 및 적용]
   └ 학회: 한국철도학회 (IF: 0.45)
--------------------------------
[GFRP 보강근을 적용한 프리캐스트 콘크리트 침목 및 궤도구조]
   └ 학회: 한국철도학회 (IF: 0.45)"
343,2022,기타 공학,628641491,황성호,2,0.0,"[궤도 안정성 향상을 위한 광폭침목 개발 및 적용]
   └ 학회: 한국철도학회 (IF: 0.45)
--------------------------------
[GFRP 보강근을 적용한 프리캐스트 콘크리트 침목 및 궤도구조]
   └ 학회: 한국철도학회 (IF: 0.45)"
344,2022,기타 공학,164094787,정석영,2,0.0,"[Autoencoder를 이용한 음성 신호 기반의 연하장애 검출 기법]
   └ 학회: 한국재활복지공학회 (IF: 0.39)
--------------------------------
[Autoencoder를 이용한 음성 신호 기반의 연하장애 검출 기법]
   └ 학회: 한국재활복지공학회 (IF: 0.39)"
345,2022,기타 공학,677578483,송연정,1,0.0,"[자율주행시스템의 운전면허에 관한 수용성]
   └ 학회: 대한교통학회 (IF: 1.22)"
346,2022,기타 공학,4090246,성기영,1,0.0,"[자율주행시스템의 운전면허에 관한 수용성]
   └ 학회: 대한교통학회 (IF: 1.22)"
347,2022,기타 공학,961753523,김경석,1,0.0,"[노출지표 특성에 따른 광역시·도별 교통안전도 비교 연구]
   └ 학회: 대한교통학회 (IF: 1.22)"
348,2022,기타 공학,161354632,박준석,1,0.0,"[도로교통 혼잡도 분석을 통한 수도권 광역도로교통 개선방안 연구]
   └ 학회: 대한교통학회 (IF: 1.22)"
349,2022,기타 공학,834066264,오주택,1,0.0,"[도로교통 혼잡도 분석을 통한 수도권 광역도로교통 개선방안 연구]
   └ 학회: 대한교통학회 (IF: 1.22)"
350,2022,기타 공학,838789955,정진혁,1,0.0,"[개인 성향과 대중교통 만족도가 자율주행 수요대응 대중교통 잠재선호에 미치는 영향에 관한 연구]
   └ 학회: 대한교통학회 (IF: 1.22)"
351,2022,기타 공학,706309250,우보람,1,0.0,"[화재 출동 지체의 원인 분석에 관한 연구: 부산광역시를 중심으로]
   └ 학회: 대한교통학회 (IF: 1.22)"
352,2022,기타 공학,918217388,김회경,1,0.0,"[화재 출동 지체의 원인 분석에 관한 연구: 부산광역시를 중심으로]
   └ 학회: 대한교통학회 (IF: 1.22)"
353,2022,기타 공학,361818110,박은미,1,0.0,"[교통데이터 특성을 고려한 RDF 메타데이터 속성 및 어휘 정의]
   └ 학회: 대한교통학회 (IF: 1.22)"
354,2022,기타 공학,887783240,송성민,1,0.0,"[교통데이터 특성을 고려한 RDF 메타데이터 속성 및 어휘 정의]
   └ 학회: 대한교통학회 (IF: 1.22)"
355,2022,기타 공학,138964034,김아름,1,0.0,"[지방도시 이동권 확보 현안과 과제]
   └ 학회: 대한교통학회 (IF: 1.22)"
356,2022,기타 공학,780639352,한주현,1,0.0,"[압해-화원 도로건설공사(1공구) 실시설계]
   └ 학회: 대한교통학회 (IF: 1.22)"
357,2022,기타 공학,722784174,김지선,1,0.0,"[압해-화원 도로건설공사(1공구) 실시설계]
   └ 학회: 대한교통학회 (IF: 1.22)"
358,2022,기타 공학,144736676,손영국,1,0.0,"[압해-화원 도로건설공사(1공구) 실시설계]
   └ 학회: 대한교통학회 (IF: 1.22)"
359,2022,기타 공학,568931552,이재성,1,0.0,"[압해-화원 도로건설공사(1공구) 실시설계]
   └ 학회: 대한교통학회 (IF: 1.22)"
360,2022,기타 공학,651216780,진혜련,1,0.0,"[악의환경에서의 자율주행차량 도심로 교통류 안전성 분석 연구]
   └ 학회: 대한교통학회 (IF: 1.22)"
361,2022,기타 공학,983639899,김성훈,1,0.0,"[악의환경에서의 자율주행차량 도심로 교통류 안전성 분석 연구]
   └ 학회: 대한교통학회 (IF: 1.22)"
362,2022,기타 공학,114334759,김태형,1,0.0,"[악의환경에서의 자율주행차량 도심로 교통류 안전성 분석 연구]
   └ 학회: 대한교통학회 (IF: 1.22)"
363,2022,기타 공학,322039092,한명주,1,0.0,"[퍼지추론을 반영한 Social Force Model 기반의 보행자 이동행태 모형 개발]
   └ 학회: 대한교통학회 (IF: 1.22)"
364,2022,기타 공학,527201903,이영인,1,0.0,"[퍼지추론을 반영한 Social Force Model 기반의 보행자 이동행태 모형 개발]
   └ 학회: 대한교통학회 (IF: 1.22)"
365,2022,기타 공학,254151339,이숭봉,1,0.0,"[퍼지추론을 반영한 Social Force Model 기반의 보행자 이동행태 모형 개발]
   └ 학회: 대한교통학회 (IF: 1.22)"
366,2022,기타 공학,482841561,이설영,1,0.0,"[교차로 차량 주행안전성 예측 기반 위험상황 검지 기술 개발]
   └ 학회: 대한교통학회 (IF: 1.22)"
367,2022,기타 공학,622046525,서원호,1,0.0,"[교차로 차량 주행안전성 예측 기반 위험상황 검지 기술 개발]
   └ 학회: 대한교통학회 (IF: 1.22)"
368,2022,기타 공학,232394614,김형수,1,0.0,"[교차로 차량 주행안전성 예측 기반 위험상황 검지 기술 개발]
   └ 학회: 대한교통학회 (IF: 1.22)"
369,2022,기타 공학,610033879,정종모,1,0.0,"[중고스마트폰 업사이클링을 통한 보행안전 분석 및 진단 연구]
   └ 학회: 대한교통학회 (IF: 1.22)"
370,2022,기타 공학,430161843,홍상연,1,0.0,"[서울시 모빌리티 허브 도입 방안]
   └ 학회: 대한교통학회 (IF: 1.22)"
371,2022,기타 공학,272627346,김영범,1,0.0,"[서울시 모빌리티 허브 도입 방안]
   └ 학회: 대한교통학회 (IF: 1.22)"
372,2022,기타 공학,687370474,강태욱,1,0.0,"[[박사학위논문소개] 호남권역내 국제화물철도역 최적 위치 선정과 시범평가에 관한 연구]
   └ 학회: 대한교통학회 (IF: 1.22)"
373,2022,기타 공학,837945687,최종해,1,0.0,"[항공화물시장의 운송품목 변화와 성장 동인에 관한 연구]
   └ 학회: 대한교통학회 (IF: 1.22)"
374,2022,기타 공학,999832470,최준희,1,0.0,"[도농복합지역 특성을 고려한 수요응답형 교통(DRT) 도입 전략 제안 연구]
   └ 학회: 대한교통학회 (IF: 1.22)"
375,2022,기타 공학,389655421,홍성효,1,0.0,"[수요응답교통서비스가 이용자의 활동성에 미치는 효과: 지역 간 차이 실증분석]
   └ 학회: 대한교통학회 (IF: 1.22)"
376,2022,기타 공학,521406975,나호혁,1,0.0,"[카노(KANO)모델을 이용한 어린이보호구역 안전시설 기능 도출]
   └ 학회: 대한교통학회 (IF: 1.22)"
377,2022,기타 공학,945224997,강지혜,1,0.0,"[카노(KANO)모델을 이용한 어린이보호구역 안전시설 기능 도출]
   └ 학회: 대한교통학회 (IF: 1.22)"
378,2022,기타 공학,417721684,김유진,1,0.0,"[도시환경정보 기반의 데이터 큐브 모델을 이용한 이륜차 사고의 다차원 요인 분석]
   └ 학회: 대한교통학회 (IF: 1.22)"
379,2022,기타 공학,5427063,노병준,1,0.0,"[도시환경정보 기반의 데이터 큐브 모델을 이용한 이륜차 사고의 다차원 요인 분석]
   └ 학회: 대한교통학회 (IF: 1.22)"
380,2022,기타 공학,717084931,여화수,1,0.0,"[도시환경정보 기반의 데이터 큐브 모델을 이용한 이륜차 사고의 다차원 요인 분석]
   └ 학회: 대한교통학회 (IF: 1.22)"
381,2022,기타 공학,899720088,김대진,1,0.0,"[국내 도로부문 오염물질의 공간적 확산을 고려한 대기오염농도 분석방법론 연구]
   └ 학회: 대한교통학회 (IF: 1.22)"
382,2022,기타 공학,694121014,배윤경,1,0.0,"[국내 도로부문 오염물질의 공간적 확산을 고려한 대기오염농도 분석방법론 연구]
   └ 학회: 대한교통학회 (IF: 1.22)"
383,2022,기타 공학,470118679,김상록,1,0.0,"[국내 도로부문 오염물질의 공간적 확산을 고려한 대기오염농도 분석방법론 연구]
   └ 학회: 대한교통학회 (IF: 1.22)"
384,2022,기타 공학,175715873,김민지,1,0.0,"[포화도 균등화를 위한 영상검지 기반 실시간 신호제어 고도화]
   └ 학회: 대한교통학회 (IF: 1.22)"
385,2022,기타 공학,605145255,한여희,1,0.0,"[포화도 균등화를 위한 영상검지 기반 실시간 신호제어 고도화]
   └ 학회: 대한교통학회 (IF: 1.22)"
386,2022,기타 공학,968362515,김영찬,1,0.0,"[포화도 균등화를 위한 영상검지 기반 실시간 신호제어 고도화]
   └ 학회: 대한교통학회 (IF: 1.22)"
387,2022,기타 공학,674571858,이민형,1,0.0,"[포화도 균등화를 위한 영상검지 기반 실시간 신호제어 고도화]
   └ 학회: 대한교통학회 (IF: 1.22)"
388,2022,기타 공학,178474610,안용준,1,0.0,"[도심지 수요응답형 교통수단 도입을 위한 정책 제언: 세종시 실증사업 ‘셔클’ 기반]
   └ 학회: 대한교통학회 (IF: 1.22)"
389,2022,기타 공학,607033615,최낙현,1,0.0,"[GIS를 활용한 개인형 이동장치의 이용 활성화 전략 제시]
   └ 학회: 대한교통학회 (IF: 1.22)"
390,2022,기타 공학,605018789,김정화,1,0.0,"[GIS를 활용한 개인형 이동장치의 이용 활성화 전략 제시]
   └ 학회: 대한교통학회 (IF: 1.22)"
391,2022,기타 공학,245961881,김수희,1,0.0,"[자율협력주행을 위한 교통정보 수집·제공 체계 요구기능 구상]
   └ 학회: 대한교통학회 (IF: 1.22)"
392,2022,기타 공학,150763735,한동희,1,0.0,"[자율협력주행을 위한 교통정보 수집·제공 체계 요구기능 구상]
   └ 학회: 대한교통학회 (IF: 1.22)"
393,2022,기타 공학,617727701,김성환,1,0.0,"[자율협력주행을 위한 교통정보 수집·제공 체계 요구기능 구상]
   └ 학회: 대한교통학회 (IF: 1.22)"
394,2022,기타 공학,844214107,김홍균,1,0.0,"[K-평균 알고리즘 기반의 클러스터링을 통한 장애인 콜택시 대기시간 특성분석]
   └ 학회: 대한교통학회 (IF: 1.22)"
395,2022,기타 공학,411468070,김동규,1,0.0,"[[참관기] 제9회 국제전기자동차엑스포]
   └ 학회: 대한교통학회 (IF: 1.22)"
396,2022,기타 공학,4596283,김규혁,1,0.0,"[공유차량 서비스 이용자 특성별 통행 이질성 분석]
   └ 학회: 대한교통학회 (IF: 1.22)"
397,2022,기타 공학,574301725,김희수,1,0.0,"[공유차량 서비스 이용자 특성별 통행 이질성 분석]
   └ 학회: 대한교통학회 (IF: 1.22)"
398,2022,기타 공학,288345046,윤보경,1,0.0,"[공유차량 서비스 이용자 특성별 통행 이질성 분석]
   └ 학회: 대한교통학회 (IF: 1.22)"
399,2022,기타 공학,971623869,이규진,1,0.0,"[항만의 수송환경 관리를 위한 화물선 배출량 산정체계 개선방향]
   └ 학회: 대한교통학회 (IF: 1.22)"
400,2022,기타 공학,899288783,김필수,1,0.0,"[항만의 수송환경 관리를 위한 화물선 배출량 산정체계 개선방향]
   └ 학회: 대한교통학회 (IF: 1.22)"
401,2022,기타 공학,701554438,한용희,1,0.0,"[항만의 수송환경 관리를 위한 화물선 배출량 산정체계 개선방향]
   └ 학회: 대한교통학회 (IF: 1.22)"
402,2022,기타 공학,819491140,김정,1,0.0,"[항만의 수송환경 관리를 위한 화물선 배출량 산정체계 개선방향]
   └ 학회: 대한교통학회 (IF: 1.22)"
403,2022,기타 공학,839757536,최상진,1,0.0,"[항만의 수송환경 관리를 위한 화물선 배출량 산정체계 개선방향]
   └ 학회: 대한교통학회 (IF: 1.22)"
404,2022,기타 공학,368717898,육동형,1,0.0,"[고속도로 휴게시설 위치선정 전략의 변화]
   └ 학회: 대한교통학회 (IF: 1.22)"
405,2022,기타 공학,629106744,김재중,1,0.0,"[고속도로 휴게시설 위치선정 전략의 변화]
   └ 학회: 대한교통학회 (IF: 1.22)"
406,2022,기타 공학,985951664,설승환,1,0.0,"[고속도로 휴게시설 위치선정 전략의 변화]
   └ 학회: 대한교통학회 (IF: 1.22)"
407,2022,기타 공학,427430805,최명호,1,0.0,"[고속도로 휴게시설 위치선정 전략의 변화]
   └ 학회: 대한교통학회 (IF: 1.22)"
408,2022,기타 공학,217085107,이성욱,1,0.0,"[고속도로 휴게시설 위치선정 전략의 변화]
   └ 학회: 대한교통학회 (IF: 1.22)"
409,2022,기타 공학,168071929,Kapuku Christian,1,0.0,"[[박사학위논문소개] An Interpretable Deep Recurrent Neural Network Approach for Modeling Daily Combinatorial Tour-based Travel Mode Choice]
   └ 학회: 대한교통학회 (IF: 1.22)"
410,2022,기타 공학,676413062,이원도,1,0.0,"[개인위치정보 보호권리를 고려한 개인모빌리티 데이터 활용에 관한 연구]
   └ 학회: 대한교통학회 (IF: 1.22)"
411,2022,기타 공학,2221266,박진우,1,0.0,"[자율주행시대의 Flex Zone 도입과 입지 최적화 방안 연구: 수정된 MCLP 알고리즘을 기반으로]
   └ 학회: 대한교통학회 (IF: 1.22)"
412,2022,기타 공학,5111946,최우철,1,0.0,"[자율주행시대의 Flex Zone 도입과 입지 최적화 방안 연구: 수정된 MCLP 알고리즘을 기반으로]
   └ 학회: 대한교통학회 (IF: 1.22)"
413,2022,기타 공학,469758378,박호철,1,0.0,"[미래를 향한 멈추지 않는 혁신 『모빌리티 혁신 로드맵』]
   └ 학회: 대한교통학회 (IF: 1.22)"
414,2022,기타 공학,321497951,오윤석,1,0.0,"[[박사학위논문소개] 승객 총 통행시간 및 에너지사용량을 고려한 일일 및 실시간 최적 열차운영 모형 개발]
   └ 학회: 대한교통학회 (IF: 1.22)"
415,2022,기타 공학,786571914,윤서연,1,0.0,"[원격근무가 도시활동 선택에 미치는 영향에 관한 탐색적 연구]
   └ 학회: 대한교통학회 (IF: 1.22)"
416,2022,기타 공학,712401950,곽민정,1,0.0,"[서울시 공공자전거와 공유 전동킥보드의 통행유형별 상호관계 분석: 서초 · 강남 · 동작구를 중심으로]
   └ 학회: 대한교통학회 (IF: 1.22)"
417,2022,기타 공학,563642950,김상훈,1,0.0,"[서울시 공공자전거와 공유 전동킥보드의 통행유형별 상호관계 분석: 서초 · 강남 · 동작구를 중심으로]
   └ 학회: 대한교통학회 (IF: 1.22)"
418,2022,기타 공학,806961030,이경아,1,0.0,"[교육환경영향평가, 이대로 괜찮은가!]
   └ 학회: 대한교통학회 (IF: 1.22)"
419,2022,기타 공학,793979629,주정희,1,0.0,"[교육환경영향평가, 이대로 괜찮은가!]
   └ 학회: 대한교통학회 (IF: 1.22)"
420,2022,기타 공학,532315925,이용재,1,0.0,"[지속가능한 수소사회로 가는 길]
   └ 학회: 대한교통학회 (IF: 1.22)"
421,2022,기타 공학,247538567,진운란,1,0.0,"[SERVQUAL모형을 이용한 서비스품질과 고객만족도가 한국고속철도 재이용의도에 미치는 영향 : 외국인유학생 이용자를 중심으로]
   └ 학회: 한국철도학회 (IF: 0.45)"
422,2022,기타 공학,331449955,이진선,1,0.0,"[SERVQUAL모형을 이용한 서비스품질과 고객만족도가 한국고속철도 재이용의도에 미치는 영향 : 외국인유학생 이용자를 중심으로]
   └ 학회: 한국철도학회 (IF: 0.45)"
423,2022,기타 공학,238872880,박상기,1,0.0,"[굴절형 편심 웹을 갖는 U-형 조립식 철도 가교 개발을 위한 현장실험 및 구조 안정성 평가]
   └ 학회: 한국철도학회 (IF: 0.45)"
424,2022,기타 공학,819687804,서동우,1,0.0,"[굴절형 편심 웹을 갖는 U-형 조립식 철도 가교 개발을 위한 현장실험 및 구조 안정성 평가]
   └ 학회: 한국철도학회 (IF: 0.45)"
425,2022,기타 공학,389946391,김정현,1,0.0,"[굴절형 편심 웹을 갖는 U-형 조립식 철도 가교 개발을 위한 현장실험 및 구조 안정성 평가]
   └ 학회: 한국철도학회 (IF: 0.45)"
426,2022,기타 공학,281586570,신재우,1,0.0,"[굴절형 편심 웹을 갖는 U-형 조립식 철도 가교 개발을 위한 현장실험 및 구조 안정성 평가]
   └ 학회: 한국철도학회 (IF: 0.45)"
427,2022,기타 공학,906997909,황인준,1,0.0,"[RF 에너지를 활용한 열차자율주행 무전원 센서 시스템 기술]
   └ 학회: 한국철도학회 (IF: 0.45)"
428,2022,기타 공학,848949911,이철규,1,0.0,"[동절기 도시철도 출입문 개방시 객실 실내 온도 하강 연구]
   └ 학회: 한국철도학회 (IF: 0.45)"
429,2022,기타 공학,787767951,양민,1,0.0,"[반복 하중조건에서의 구조적 볼트 축력 상실과 볼트 풀림 수명에 관한 실험적 연구]
   └ 학회: 한국철도학회 (IF: 0.45)"
430,2022,기타 공학,784817719,정성모,1,0.0,"[반복 하중조건에서의 구조적 볼트 축력 상실과 볼트 풀림 수명에 관한 실험적 연구]
   └ 학회: 한국철도학회 (IF: 0.45)"
431,2022,기타 공학,704596196,이성호,1,0.0,"[반복 하중조건에서의 구조적 볼트 축력 상실과 볼트 풀림 수명에 관한 실험적 연구]
   └ 학회: 한국철도학회 (IF: 0.45)"
432,2022,기타 공학,516251937,임재용,1,0.0,"[반복 하중조건에서의 구조적 볼트 축력 상실과 볼트 풀림 수명에 관한 실험적 연구]
   └ 학회: 한국철도학회 (IF: 0.45)"
433,2022,기타 공학,801559294,강준호,1,0.0,"[Study of Levitation Force Improvement Structure of Magnetic Levitation System for Logistics Transport considering Leakage Flux]
   └ 학회: 한국철도학회 (IF: 0.45)"
434,2022,기타 공학,125844841,Jeongwon Kim,1,0.0,"[Study of Levitation Force Improvement Structure of Magnetic Levitation System for Logistics Transport considering Leakage Flux]
   └ 학회: 한국철도학회 (IF: 0.45)"
435,2022,기타 공학,246188199,이민규,1,0.0,"[도시철도기관사의 정시교번근무 스트레스가 일과 삶의 균형과 신체피로에 미치는 영향: 서울메트로와 서울도시철도공사를 중심으로]
   └ 학회: 한국철도학회 (IF: 0.45)"
436,2022,기타 공학,550566235,김시곤,1,0.0,"[도시철도기관사의 정시교번근무 스트레스가 일과 삶의 균형과 신체피로에 미치는 영향: 서울메트로와 서울도시철도공사를 중심으로]
   └ 학회: 한국철도학회 (IF: 0.45)"
437,2022,기타 공학,904173316,이주연,1,0.0,"[철도 민간투자사업 제안 및 추진 절차]
   └ 학회: 한국철도학회 (IF: 0.45)"
438,2022,기타 공학,420799528,강지혜,1,0.0,"[철도 민간투자사업 제안 및 추진 절차]
   └ 학회: 한국철도학회 (IF: 0.45)"
439,2022,기타 공학,390802,김우진,1,0.0,"[철도 민간투자사업 제안 및 추진 절차]
   └ 학회: 한국철도학회 (IF: 0.45)"
440,2022,기타 공학,399992460,이일화,1,0.0,"[철도입체공간(BTS, Beyond-Track Space) 생활환경 인식조사]
   └ 학회: 한국철도학회 (IF: 0.45)"
441,2022,기타 공학,238360010,이나현,1,0.0,"[철도입체공간(BTS, Beyond-Track Space) 생활환경 인식조사]
   └ 학회: 한국철도학회 (IF: 0.45)"
442,2022,기타 공학,534236696,권영은,1,0.0,"[클램프 다이오드의 전력손실 저감 가능한 고효율 위상천이 풀 브리지 컨버터]
   └ 학회: 한국철도학회 (IF: 0.45)"
443,2022,기타 공학,538424727,주영우,1,0.0,"[클램프 다이오드의 전력손실 저감 가능한 고효율 위상천이 풀 브리지 컨버터]
   └ 학회: 한국철도학회 (IF: 0.45)"
444,2022,기타 공학,909337722,김정은,1,0.0,"[클램프 다이오드의 전력손실 저감 가능한 고효율 위상천이 풀 브리지 컨버터]
   └ 학회: 한국철도학회 (IF: 0.45)"
445,2022,기타 공학,540849054,안정호,1,0.0,"[Backstepping Controller Design of Maglev System for Air-gap Position Control]
   └ 학회: 한국철도학회 (IF: 0.45)"
446,2022,기타 공학,952653437,윤인열,1,0.0,"[Backstepping Controller Design of Maglev System for Air-gap Position Control]
   └ 학회: 한국철도학회 (IF: 0.45)"
447,2022,기타 공학,264077458,김현우,1,0.0,"[Backstepping Controller Design of Maglev System for Air-gap Position Control]
   └ 학회: 한국철도학회 (IF: 0.45)"
448,2022,기타 공학,109647467,Dong-Min Cho,1,0.0,"[Evaluation of Basic Properties of Cement Asphalt Mortar Depending on Specific Surface Area of Nonionic Emulsified Asphalt]
   └ 학회: 한국철도학회 (IF: 0.45)"
449,2022,기타 공학,590896753,Il-Hwan Kang,1,0.0,"[Evaluation of Basic Properties of Cement Asphalt Mortar Depending on Specific Surface Area of Nonionic Emulsified Asphalt]
   └ 학회: 한국철도학회 (IF: 0.45)"
450,2022,기타 공학,436108250,Tae Soon Park,1,0.0,"[Evaluation of Basic Properties of Cement Asphalt Mortar Depending on Specific Surface Area of Nonionic Emulsified Asphalt]
   └ 학회: 한국철도학회 (IF: 0.45)"
451,2022,기타 공학,433562561,장정우,1,0.0,"[C-Map 내비게이션을 위한 도저 작업계획 생성]
   └ 학회: 한국철도학회 (IF: 0.45)"
452,2022,기타 공학,746042990,현진오,1,0.0,"[C-Map 내비게이션을 위한 도저 작업계획 생성]
   └ 학회: 한국철도학회 (IF: 0.45)"
453,2022,기타 공학,967844069,김성근,1,0.0,"[C-Map 내비게이션을 위한 도저 작업계획 생성]
   └ 학회: 한국철도학회 (IF: 0.45)"
454,2022,기타 공학,550675512,안동현,1,0.0,"[가스절연개폐장치 스페이서 내장형 전자식 변류기의 설계 및 제작]
   └ 학회: 한국철도학회 (IF: 0.45)"
455,2022,기타 공학,409287959,임승현,1,0.0,"[가스절연개폐장치 스페이서 내장형 전자식 변류기의 설계 및 제작]
   └ 학회: 한국철도학회 (IF: 0.45)"
456,2022,기타 공학,801494304,변준호,1,0.0,"[주름 강판 음투과손실의 실험적 예측 기법]
   └ 학회: 한국철도학회 (IF: 0.45)"
457,2022,기타 공학,506728384,김석현,1,0.0,"[주름 강판 음투과손실의 실험적 예측 기법]
   └ 학회: 한국철도학회 (IF: 0.45)"
458,2022,기타 공학,986628000,박진명,1,0.0,"[증점성분을 포함하는 Propylene Glycol(PG) 기반 고속철도차량용 제·방빙액의 특성]
   └ 학회: 한국철도학회 (IF: 0.45)"
459,2022,기타 공학,422242640,강부윤,1,0.0,"[증점성분을 포함하는 Propylene Glycol(PG) 기반 고속철도차량용 제·방빙액의 특성]
   └ 학회: 한국철도학회 (IF: 0.45)"
460,2022,기타 공학,492230497,이준구,1,0.0,"[증점성분을 포함하는 Propylene Glycol(PG) 기반 고속철도차량용 제·방빙액의 특성]
   └ 학회: 한국철도학회 (IF: 0.45)"
461,2022,기타 공학,225993787,윤차중,1,0.0,"[증점성분을 포함하는 Propylene Glycol(PG) 기반 고속철도차량용 제·방빙액의 특성]
   └ 학회: 한국철도학회 (IF: 0.45)"
462,2022,기타 공학,398660739,이홍기,1,0.0,"[증점성분을 포함하는 Propylene Glycol(PG) 기반 고속철도차량용 제·방빙액의 특성]
   └ 학회: 한국철도학회 (IF: 0.45)"
463,2022,기타 공학,235558,노경란,1,0.0,"[북한의 철도기술 지식생산 구조에 관한 탐색적 연구]
   └ 학회: 한국철도학회 (IF: 0.45)"
464,2022,기타 공학,491297534,최현규,1,0.0,"[북한의 철도기술 지식생산 구조에 관한 탐색적 연구]
   └ 학회: 한국철도학회 (IF: 0.45)"
465,2022,기타 공학,882750524,박정준,1,0.0,"[북한의 철도기술 지식생산 구조에 관한 탐색적 연구]
   └ 학회: 한국철도학회 (IF: 0.45)"
466,2022,기타 공학,950650668,장성규,1,0.0,"[국내 철도운영 조건에 대한 레일 휨강도기반 레일마모한계 평가]
   └ 학회: 한국철도학회 (IF: 0.45)"
467,2022,기타 공학,100368798,최승엽,1,0.0,"[국내 철도운영 조건에 대한 레일 휨강도기반 레일마모한계 평가]
   └ 학회: 한국철도학회 (IF: 0.45)"
468,2022,기타 공학,912928517,조철휘,1,0.0,"[도시의 미래, 트램 그리고 광역철도]
   └ 학회: 한국철도학회 (IF: 0.45)"
469,2022,기타 공학,257214246,오현서,1,0.0,"[고속 주행 열차의 LTE-R 무선통신시스템 성능에 대한 고찰]
   └ 학회: 한국철도학회 (IF: 0.45)"
470,2022,기타 공학,497178865,곽동용,1,0.0,"[고속 주행 열차의 LTE-R 무선통신시스템 성능에 대한 고찰]
   └ 학회: 한국철도학회 (IF: 0.45)"
471,2022,기타 공학,335110737,조한벽,1,0.0,"[고속 주행 열차의 LTE-R 무선통신시스템 성능에 대한 고찰]
   └ 학회: 한국철도학회 (IF: 0.45)"
472,2022,기타 공학,239364039,권유철,1,0.0,"[고속 주행 열차의 LTE-R 무선통신시스템 성능에 대한 고찰]
   └ 학회: 한국철도학회 (IF: 0.45)"
473,2022,기타 공학,251467532,김기훈,1,0.0,"[고속 주행 열차의 LTE-R 무선통신시스템 성능에 대한 고찰]
   └ 학회: 한국철도학회 (IF: 0.45)"
474,2022,기타 공학,708685004,안창영,1,0.0,"[경량전철 열차제어용 무선통신장치 성능검증 도구개발]
   └ 학회: 한국철도학회 (IF: 0.45)"
475,2022,기타 공학,392348155,박용식,1,0.0,"[경량전철 열차제어용 무선통신장치 성능검증 도구개발]
   └ 학회: 한국철도학회 (IF: 0.45)"
476,2022,기타 공학,541304147,이재호,1,0.0,"[경량전철 열차제어용 무선통신장치 성능검증 도구개발]
   └ 학회: 한국철도학회 (IF: 0.45)"
477,2022,기타 공학,152332623,홍성용,1,0.0,"[철도차량용 45kW급 마그네틱 기어드 동기전동기 이중 회전자의 설계 신뢰성 분석 연구]
   └ 학회: 한국철도학회 (IF: 0.45)"
478,2022,기타 공학,332232927,민하루,1,0.0,"[토지이용패턴과 사회경제지표가 지하철 수요 변화에 미치는 영향: 서울 지하철 9호선을 중심으로]
   └ 학회: 한국철도학회 (IF: 0.45)"
479,2022,기타 공학,348217827,강승모,1,0.0,"[토지이용패턴과 사회경제지표가 지하철 수요 변화에 미치는 영향: 서울 지하철 9호선을 중심으로]
   └ 학회: 한국철도학회 (IF: 0.45)"
480,2022,기타 공학,156865894,조동철,1,0.0,"[구형 부품의 운영정보를 고려한 무고장 신형 전력반도체의 베이지안 신뢰도 특성 연구]
   └ 학회: 한국철도학회 (IF: 0.45)"
481,2022,기타 공학,560596783,구정서,1,0.0,"[구형 부품의 운영정보를 고려한 무고장 신형 전력반도체의 베이지안 신뢰도 특성 연구]
   └ 학회: 한국철도학회 (IF: 0.45)"
482,2022,기타 공학,350730910,김길동,1,0.0,"[구형 부품의 운영정보를 고려한 무고장 신형 전력반도체의 베이지안 신뢰도 특성 연구]
   └ 학회: 한국철도학회 (IF: 0.45)"
483,2022,기타 공학,141252032,황정택,1,0.0,"[구형 부품의 운영정보를 고려한 무고장 신형 전력반도체의 베이지안 신뢰도 특성 연구]
   └ 학회: 한국철도학회 (IF: 0.45)"
484,2022,기타 공학,473249368,김태훈,1,0.0,"[열화된 프리스트레스트 콘크리트 보 거동의 해석적 평가]
   └ 학회: 한국철도학회 (IF: 0.45)"
485,2022,기타 공학,145791201,온정근,1,0.0,"[철도 상호호환 통합플랫폼에서(TROSAR Platform) 디지털표준으로...!]
   └ 학회: 한국철도학회 (IF: 0.45)"
486,2022,기타 공학,417712127,문주성,1,0.0,"[다중 링크 무선랜을 사용하는 저지연 통신 기반 열차 제어 시스템]
   └ 학회: 한국철도학회 (IF: 0.45)"
487,2022,기타 공학,544938052,김용호,1,0.0,"[다중 링크 무선랜을 사용하는 저지연 통신 기반 열차 제어 시스템]
   └ 학회: 한국철도학회 (IF: 0.45)"
488,2022,기타 공학,318004091,신미화,1,0.0,"[기술수용모형을 적용한 코레일의 기술기반 비대면 서비스 특성이 수용의도에 미치는 영향]
   └ 학회: 한국철도학회 (IF: 0.45)"
489,2022,기타 공학,550728848,황광하,1,0.0,"[분기기 궤간 외측 포인트 가드레일의 열차 주행 특성 및 텅레일 첨단 마모 감소에 미치는 영향]
   └ 학회: 한국철도학회 (IF: 0.45)"
490,2022,기타 공학,318725902,윤병현,1,0.0,"[분기기 궤간 외측 포인트 가드레일의 열차 주행 특성 및 텅레일 첨단 마모 감소에 미치는 영향]
   └ 학회: 한국철도학회 (IF: 0.45)"
491,2022,기타 공학,383062555,이현구,1,0.0,"[디지털 정보기반의 터널 페이스 맵핑과 스마트 암질평가 시스템의 기술 동향]
   └ 학회: 한국철도학회 (IF: 0.45)"
492,2022,기타 공학,539945522,이승원,1,0.0,"[디지털 정보기반의 터널 페이스 맵핑과 스마트 암질평가 시스템의 기술 동향]
   └ 학회: 한국철도학회 (IF: 0.45)"
493,2022,기타 공학,468758066,곽재호,1,0.0,"[트램용 비접촉 과금시스템의 개발 및 검증]
   └ 학회: 한국철도학회 (IF: 0.45)"
494,2022,기타 공학,143588497,황현철,1,0.0,"[트램용 비접촉 과금시스템의 개발 및 검증]
   └ 학회: 한국철도학회 (IF: 0.45)"
495,2022,기타 공학,652228113,전희균,1,0.0,"[트램용 비접촉 과금시스템의 개발 및 검증]
   └ 학회: 한국철도학회 (IF: 0.45)"
496,2022,기타 공학,851781352,백지현,1,0.0,"[트램용 비접촉 과금시스템의 개발 및 검증]
   └ 학회: 한국철도학회 (IF: 0.45)"
497,2022,기타 공학,972247131,김선규,1,0.0,"[전속(D) 센서에 의한 비접촉식 광대역 전압 측정 장치의 설계 및 제작]
   └ 학회: 한국철도학회 (IF: 0.45)"
498,2022,기타 공학,207173234,김성욱,1,0.0,"[전속(D) 센서에 의한 비접촉식 광대역 전압 측정 장치의 설계 및 제작]
   └ 학회: 한국철도학회 (IF: 0.45)"
499,2022,기타 공학,665327138,유정수,1,0.0,"[통계에너지해석을 이용한 철도차량 압출패널의 구조음향 성능 해석]
   └ 학회: 한국철도학회 (IF: 0.45)"
500,2022,기타 공학,184437810,안태기,1,0.0,"[역사 내 스마트 블록을 위한 전파환경 분석 연구]
   └ 학회: 한국철도학회 (IF: 0.45)"
501,2022,기타 공학,260376000,황종규,1,0.0,"[역사 내 스마트 블록을 위한 전파환경 분석 연구]
   └ 학회: 한국철도학회 (IF: 0.45)"
502,2022,기타 공학,119742797,임재연,1,0.0,"[철도안전관리 고도화에 관한 연구 - 한국과 일본의 열차 내 승객 안전보호를 중심으로 -]
   └ 학회: 한국철도학회 (IF: 0.45)"
503,2022,기타 공학,363314571,조인호,1,0.0,"[철도차량 에너지저장시스템 충전용 전력변환장치 기술 동향 분석]
   └ 학회: 한국철도학회 (IF: 0.45)"
504,2022,기타 공학,846682408,김재철,1,0.0,"[철도차량 에너지저장시스템 충전용 전력변환장치 기술 동향 분석]
   └ 학회: 한국철도학회 (IF: 0.45)"
505,2022,기타 공학,1909134,송민섭,1,0.0,"[철도차량 에너지저장시스템 충전용 전력변환장치 기술 동향 분석]
   └ 학회: 한국철도학회 (IF: 0.45)"
506,2022,기타 공학,156780896,김동진,1,0.0,"[평판형 유도가열 코일을 이용한 콘크리트 양생 시스템 연구]
   └ 학회: 한국철도학회 (IF: 0.45)"
507,2022,기타 공학,156882905,신현오,1,0.0,"[평판형 유도가열 코일을 이용한 콘크리트 양생 시스템 연구]
   └ 학회: 한국철도학회 (IF: 0.45)"
508,2022,기타 공학,393440693,전경한,1,0.0,"[철도급전계통의 전압 및 역률 보상을 위한 SVC(TSC+TCR) 적용 및 RTDS HILS Test 기반 자동제어 알고리즘 검증]
   └ 학회: 한국철도학회 (IF: 0.45)"
509,2022,기타 공학,421078389,김희진,1,0.0,"[철도급전계통의 전압 및 역률 보상을 위한 SVC(TSC+TCR) 적용 및 RTDS HILS Test 기반 자동제어 알고리즘 검증]
   └ 학회: 한국철도학회 (IF: 0.45)"
510,2022,기타 공학,389315,이현우,1,0.0,"[철도급전계통의 전압 및 역률 보상을 위한 SVC(TSC+TCR) 적용 및 RTDS HILS Test 기반 자동제어 알고리즘 검증]
   └ 학회: 한국철도학회 (IF: 0.45)"
511,2022,기타 공학,750066794,이병곤,1,0.0,"[철도급전계통의 전압 및 역률 보상을 위한 SVC(TSC+TCR) 적용 및 RTDS HILS Test 기반 자동제어 알고리즘 검증]
   └ 학회: 한국철도학회 (IF: 0.45)"
512,2022,기타 공학,231607542,최진석,1,0.0,"[한국철도학회 2022년 정기총회 및 추계학술대회]
   └ 학회: 한국철도학회 (IF: 0.45)"
513,2022,기타 공학,123194695,이재호,1,0.0,"[한국철도학회 2022년 정기총회 및 추계학술대회]
   └ 학회: 한국철도학회 (IF: 0.45)"
514,2022,기타 공학,742703170,여인창,1,0.0,"[차축카운터시스템 적용에 따른 위험분석 및 평가활동 연구]
   └ 학회: 한국철도학회 (IF: 0.45)"
515,2022,기타 공학,741292893,이태영,1,0.0,"[차축카운터시스템 적용에 따른 위험분석 및 평가활동 연구]
   └ 학회: 한국철도학회 (IF: 0.45)"
516,2022,기타 공학,576019315,노성찬,1,0.0,"[차축카운터시스템 적용에 따른 위험분석 및 평가활동 연구]
   └ 학회: 한국철도학회 (IF: 0.45)"
517,2022,기타 공학,627583146,오혁근,1,0.0,"[눈의 열물성치에 따른 철도 분기부 발열장치의 융설 특성 해석]
   └ 학회: 한국철도학회 (IF: 0.45)"
518,2022,기타 공학,829245914,최일윤,1,0.0,"[현장계측을 통한 레일 충돌 댐퍼의 레일 응답 저감 효과 분석]
   └ 학회: 한국철도학회 (IF: 0.45)"
519,2022,기타 공학,5148552,정재원,1,0.0,"[표면 열전달이 존재하는 건설 환경에서 착설층 탈락에 관한 실험적 연구]
   └ 학회: 한국철도학회 (IF: 0.45)"
520,2022,기타 공학,669687140,지완구,1,0.0,"[표면 열전달이 존재하는 건설 환경에서 착설층 탈락에 관한 실험적 연구]
   └ 학회: 한국철도학회 (IF: 0.45)"
521,2022,기타 공학,5111380,서송현,1,0.0,"[표면 열전달이 존재하는 건설 환경에서 착설층 탈락에 관한 실험적 연구]
   └ 학회: 한국철도학회 (IF: 0.45)"
522,2022,기타 공학,873542703,김규홍,1,0.0,"[표면 열전달이 존재하는 건설 환경에서 착설층 탈락에 관한 실험적 연구]
   └ 학회: 한국철도학회 (IF: 0.45)"
523,2022,기타 공학,432792266,정재우,1,0.0,"[철도건설분야 BIM 교육 컨텐츠 추천시스템]
   └ 학회: 한국철도학회 (IF: 0.45)"
524,2022,기타 공학,362012022,이근일,1,0.0,"[철도건설분야 BIM 교육 컨텐츠 추천시스템]
   └ 학회: 한국철도학회 (IF: 0.45)"
525,2022,기타 공학,910709864,신민호,1,0.0,"[철도건설분야 BIM 교육 컨텐츠 추천시스템]
   └ 학회: 한국철도학회 (IF: 0.45)"
526,2022,기타 공학,205334865,유한주,1,0.0,"[콘크리트 보수보강용 폴리머 모르타르의 부착성능 및 미세구조에 관한 연구]
   └ 학회: 한국철도학회 (IF: 0.45)"
527,2022,기타 공학,947339336,안기용,1,0.0,"[콘크리트 보수보강용 폴리머 모르타르의 부착성능 및 미세구조에 관한 연구]
   └ 학회: 한국철도학회 (IF: 0.45)"
528,2022,기타 공학,828234838,서승일,1,0.0,"[강체 기둥 모델을 이용한 급곡선 주행 산악트램의 탈선 분석]
   └ 학회: 한국철도학회 (IF: 0.45)"
529,2022,기타 공학,161326227,연제훈,1,0.0,"[강체 기둥 모델을 이용한 급곡선 주행 산악트램의 탈선 분석]
   └ 학회: 한국철도학회 (IF: 0.45)"
530,2022,기타 공학,992304896,표석훈,1,0.0,"[재활용 플라스틱과 석탄회를 이용한 플라스틱 침목 개발-환경전과정 평가-]
   └ 학회: 한국철도학회 (IF: 0.45)"
531,2022,기타 공학,202480704,배재근,1,0.0,"[재활용 플라스틱과 석탄회를 이용한 플라스틱 침목 개발-환경전과정 평가-]
   └ 학회: 한국철도학회 (IF: 0.45)"
532,2022,기타 공학,314009152,박성현,1,0.0,"[재활용 플라스틱과 석탄회를 이용한 플라스틱 침목 개발-환경전과정 평가-]
   └ 학회: 한국철도학회 (IF: 0.45)"
533,2022,기타 공학,229290434,김은,1,0.0,"[GFRP 보강근을 적용한 프리캐스트 콘크리트 침목 및 궤도구조]
   └ 학회: 한국철도학회 (IF: 0.45)"
534,2022,기타 공학,232169570,김대상,1,0.0,"[자갈궤도 유지보수 저감용 침목 패드 개발]
   └ 학회: 한국철도학회 (IF: 0.45)"
535,2022,기타 공학,672494011,서신배,1,0.0,"[고령자를 위한 인지-사이클링 이중과제 훈련 시스템의 사용적합성 평가 및 개선방안]
   └ 학회: 한국재활복지공학회 (IF: 0.39)"
536,2022,기타 공학,133771031,강승록,1,0.0,"[고령자를 위한 인지-사이클링 이중과제 훈련 시스템의 사용적합성 평가 및 개선방안]
   └ 학회: 한국재활복지공학회 (IF: 0.39)"
537,2022,기타 공학,746543771,김기욱,1,0.0,"[고령자를 위한 인지-사이클링 이중과제 훈련 시스템의 사용적합성 평가 및 개선방안]
   └ 학회: 한국재활복지공학회 (IF: 0.39)"
538,2022,기타 공학,818630174,유미,1,0.0,"[고령자를 위한 인지-사이클링 이중과제 훈련 시스템의 사용적합성 평가 및 개선방안]
   └ 학회: 한국재활복지공학회 (IF: 0.39)"
539,2022,기타 공학,761046489,권대규,1,0.0,"[고령자를 위한 인지-사이클링 이중과제 훈련 시스템의 사용적합성 평가 및 개선방안]
   └ 학회: 한국재활복지공학회 (IF: 0.39)"
540,2022,기타 공학,162234848,고명환,1,0.0,"[고령자를 위한 인지-사이클링 이중과제 훈련 시스템의 사용적합성 평가 및 개선방안]
   └ 학회: 한국재활복지공학회 (IF: 0.39)"
541,2022,기타 공학,971503002,강상익,1,0.0,"[Autoencoder를 이용한 음성 신호 기반의 연하장애 검출 기법]
   └ 학회: 한국재활복지공학회 (IF: 0.39)"
542,2022,기타 공학,294726702,금명철,1,0.0,"[Autoencoder를 이용한 음성 신호 기반의 연하장애 검출 기법]
   └ 학회: 한국재활복지공학회 (IF: 0.39)"
543,2022,기타 공학,388074524,서경천,1,0.0,"[Autoencoder를 이용한 음성 신호 기반의 연하장애 검출 기법]
   └ 학회: 한국재활복지공학회 (IF: 0.39)"
544,2022,기타 공학,323251266,박윤길,1,0.0,"[Autoencoder를 이용한 음성 신호 기반의 연하장애 검출 기법]
   └ 학회: 한국재활복지공학회 (IF: 0.39)"
545,2022,기타 공학,877133203,박진영,1,0.0,"[Autoencoder를 이용한 음성 신호 기반의 연하장애 검출 기법]
   └ 학회: 한국재활복지공학회 (IF: 0.39)"
546,2022,기타 공학,279434084,차은실,1,0.0,"[Autoencoder를 이용한 음성 신호 기반의 연하장애 검출 기법]
   └ 학회: 한국재활복지공학회 (IF: 0.39)"
547,2022,기타 공학,635601478,이주강,1,0.0,"[Autoencoder를 이용한 음성 신호 기반의 연하장애 검출 기법]
   └ 학회: 한국재활복지공학회 (IF: 0.39)"
548,2022,기타 공학,328694073,유제현,1,0.0,"[Autoencoder를 이용한 음성 신호 기반의 연하장애 검출 기법]
   └ 학회: 한국재활복지공학회 (IF: 0.39)"
549,2022,기타 공학,689203356,최경효,1,0.0,"[Autoencoder를 이용한 음성 신호 기반의 연하장애 검출 기법]
   └ 학회: 한국재활복지공학회 (IF: 0.39)"
550,2022,기타 공학,966645138,양호준,1,0.0,"[시각장애인을 위한 딥러닝 기반의 실시간 임베디드 보조 시스템 개발에 관한 연구]
   └ 학회: 한국재활복지공학회 (IF: 0.39)"
551,2022,기타 공학,768918644,장석우,1,0.0,"[시각장애인을 위한 딥러닝 기반의 실시간 임베디드 보조 시스템 개발에 관한 연구]
   └ 학회: 한국재활복지공학회 (IF: 0.39)"
552,2022,기타 공학,235581177,김종구,1,0.0,"[시각장애인을 위한 딥러닝 기반의 실시간 임베디드 보조 시스템 개발에 관한 연구]
   └ 학회: 한국재활복지공학회 (IF: 0.39)"
553,2022,기타 공학,223887209,권장우,1,0.0,"[시각장애인을 위한 딥러닝 기반의 실시간 임베디드 보조 시스템 개발에 관한 연구]
   └ 학회: 한국재활복지공학회 (IF: 0.39)"
554,2022,기타 공학,934493504,최은영,1,0.0,"[ASD 선별을 위한 아동의 자유화 반응 특성 분석]
   └ 학회: 한국재활복지공학회 (IF: 0.39)"
555,2022,기타 공학,149737944,서정훈,1,0.0,"[ASD 선별을 위한 아동의 자유화 반응 특성 분석]
   └ 학회: 한국재활복지공학회 (IF: 0.39)"
556,2022,기타 공학,438747515,손병문,1,0.0,"[ASD 선별을 위한 아동의 자유화 반응 특성 분석]
   └ 학회: 한국재활복지공학회 (IF: 0.39)"
557,2022,기타 공학,482086730,전종후,1,0.0,"[중증 사지마비인을 위한 3D 스캐닝 및 프린트 제작기술을 활용한 맞춤형 론볼 손보조기의 적용 – 예비연구]
   └ 학회: 한국재활복지공학회 (IF: 0.39)"
558,2022,기타 공학,189680335,이병욱,1,0.0,"[중증 사지마비인을 위한 3D 스캐닝 및 프린트 제작기술을 활용한 맞춤형 론볼 손보조기의 적용 – 예비연구]
   └ 학회: 한국재활복지공학회 (IF: 0.39)"
559,2022,기타 공학,983002243,오지연,1,0.0,"[중증 사지마비인을 위한 3D 스캐닝 및 프린트 제작기술을 활용한 맞춤형 론볼 손보조기의 적용 – 예비연구]
   └ 학회: 한국재활복지공학회 (IF: 0.39)"
560,2022,기타 공학,688552870,이윤경,1,0.0,"[중증 사지마비인을 위한 3D 스캐닝 및 프린트 제작기술을 활용한 맞춤형 론볼 손보조기의 적용 – 예비연구]
   └ 학회: 한국재활복지공학회 (IF: 0.39)"
561,2022,기타 공학,239637730,심우섭,1,0.0,"[중증 사지마비인을 위한 3D 스캐닝 및 프린트 제작기술을 활용한 맞춤형 론볼 손보조기의 적용 – 예비연구]
   └ 학회: 한국재활복지공학회 (IF: 0.39)"
562,2022,기타 공학,909467332,박관수,1,0.0,"[중증 사지마비인을 위한 3D 스캐닝 및 프린트 제작기술을 활용한 맞춤형 론볼 손보조기의 적용 – 예비연구]
   └ 학회: 한국재활복지공학회 (IF: 0.39)"
563,2022,기타 공학,846104820,조민,1,0.0,"[중증 사지마비인을 위한 3D 스캐닝 및 프린트 제작기술을 활용한 맞춤형 론볼 손보조기의 적용 – 예비연구]
   └ 학회: 한국재활복지공학회 (IF: 0.39)"
564,2022,기타 공학,114318500,갈원국,1,0.0,"[중증 사지마비인을 위한 3D 스캐닝 및 프린트 제작기술을 활용한 맞춤형 론볼 손보조기의 적용 – 예비연구]
   └ 학회: 한국재활복지공학회 (IF: 0.39)"
565,2022,기타 공학,895793395,박동범,1,0.0,"[중증 사지마비인을 위한 3D 스캐닝 및 프린트 제작기술을 활용한 맞춤형 론볼 손보조기의 적용 – 예비연구]
   └ 학회: 한국재활복지공학회 (IF: 0.39)"
566,2022,기타 공학,616981184,이슬빛나,1,0.0,"[중증 사지마비인을 위한 3D 스캐닝 및 프린트 제작기술을 활용한 맞춤형 론볼 손보조기의 적용 – 예비연구]
   └ 학회: 한국재활복지공학회 (IF: 0.39)"
567,2022,기타 공학,405455703,박성준,1,0.0,"[중증 사지마비인을 위한 3D 스캐닝 및 프린트 제작기술을 활용한 맞춤형 론볼 손보조기의 적용 – 예비연구]
   └ 학회: 한국재활복지공학회 (IF: 0.39)"
568,2022,기타 공학,714123087,양희승,1,0.0,"[중증 사지마비인을 위한 3D 스캐닝 및 프린트 제작기술을 활용한 맞춤형 론볼 손보조기의 적용 – 예비연구]
   └ 학회: 한국재활복지공학회 (IF: 0.39)"
569,2022,기타 공학,720797,김지원,1,0.0,"[전동 이동보조기기 사용자를 위한 자동 캐노피의 연구]
   └ 학회: 한국재활복지공학회 (IF: 0.39)"
570,2022,기타 공학,685385603,허다경,1,0.0,"[전동 이동보조기기 사용자를 위한 자동 캐노피의 연구]
   └ 학회: 한국재활복지공학회 (IF: 0.39)"
571,2022,기타 공학,477980598,송병섭,1,0.0,"[전동 이동보조기기 사용자를 위한 자동 캐노피의 연구]
   └ 학회: 한국재활복지공학회 (IF: 0.39)"
572,2022,기타 공학,153127251,Man-Hsu Lin,1,0.0,"[A Study of Establishing Sport Arbitration System by Analytic Hierarchy Process]
   └ 학회: 한국재활복지공학회 (IF: 0.39)"
573,2022,기타 공학,407476218,Kong-Ting Yeh,1,0.0,"[A Study of Establishing Sport Arbitration System by Analytic Hierarchy Process]
   └ 학회: 한국재활복지공학회 (IF: 0.39)"
574,2022,기타 공학,739803246,Kai-Li Wang,1,0.0,"[A Study of Establishing Sport Arbitration System by Analytic Hierarchy Process]
   └ 학회: 한국재활복지공학회 (IF: 0.39)"
575,2022,기타 공학,216111528,이근민,1,0.0,"[미국의 장애인을 위한 보조기기 연구 및 개발에 대한 프로젝트 동향 분석 연구: NIDILRR에서 지원한 RERC 중심으로]
   └ 학회: 한국재활복지공학회 (IF: 0.39)"
576,2022,기타 공학,216319910,임성빈,1,0.0,"[미국의 장애인을 위한 보조기기 연구 및 개발에 대한 프로젝트 동향 분석 연구: NIDILRR에서 지원한 RERC 중심으로]
   └ 학회: 한국재활복지공학회 (IF: 0.39)"
577,2022,기타 공학,447229595,권효순,1,0.0,"[미국의 장애인을 위한 보조기기 연구 및 개발에 대한 프로젝트 동향 분석 연구: NIDILRR에서 지원한 RERC 중심으로]
   └ 학회: 한국재활복지공학회 (IF: 0.39)"
578,2022,기타 공학,398144002,임명준,1,0.0,"[미국의 장애인을 위한 보조기기 연구 및 개발에 대한 프로젝트 동향 분석 연구: NIDILRR에서 지원한 RERC 중심으로]
   └ 학회: 한국재활복지공학회 (IF: 0.39)"
579,2022,기타 공학,966493050,이진현,1,0.0,"[미국의 장애인을 위한 보조기기 연구 및 개발에 대한 프로젝트 동향 분석 연구: NIDILRR에서 지원한 RERC 중심으로]
   └ 학회: 한국재활복지공학회 (IF: 0.39)"
