Year,Class_Name,Top_10_List
2021,건축공학,"이수기 (0.4367)
조미정 (0.3188)
기동환 (0.3089)
어양담 (0.2406)
전희정 (0.1893)
정수영 (0.1893)
이재수 (0.1793)
유해연 (0.176)
양승규 (0.176)
하정원 (0.1744)"
2021,공학 일반,"조성제 (0.2429)
장경오 (0.1821)
장애리 (0.1339)
최효식 (0.1268)
고정훈 (0.1143)
임소희 (0.1107)
박정혜 (0.1)
오은정 (0.0946)
김종임 (0.0929)
송경미 (0.0875)"
2021,기계공학,"김철희 (0.1925)
현승균 (0.099)
양현익 (0.0963)
박형준 (0.0923)
김준성 (0.0923)
윤장혁 (0.089)
이민재 (0.089)
강태원 (0.089)
유현정 (0.081)
남권우 (0.0795)"
2021,기타 공학,"권경주 (0.1236)
이현석 (0.1236)
박준영 (0.1236)
김정화 (0.1127)
곽현준 (0.1091)
김주영 (0.0936)
김주빈 (0.0909)
김진태 (0.0909)
김건욱 (0.0873)
김우진 (0.0873)"
2021,산업공학,"김경목 (0.1837)
최흥식 (0.1837)
조재영 (0.1837)
주지환 (0.1837)
한인구 (0.1837)
박도명 (0.1837)
최형림 (0.1837)
박병권 (0.1837)
김선웅 (0.1837)
최명진 (0.1296)"
2021,재료·에너지공학,"박년배 (0.0661)
심지현 (0.0424)
이종혁 (0.0424)
유성훈 (0.0424)
권기환 (0.0424)
배진석 (0.0424)
장진호 (0.0357)
황도현 (0.0264)
이호진 (0.0248)
박은덕 (0.0248)"
2021,전기전자공학,"장종욱 (0.4768)
장경식 (0.4393)
남충현 (0.4393)
정회경 (0.3849)
박대우 (0.3485)
강대성 (0.3482)
최동규 (0.3267)
신성윤 (0.3146)
장설봉 (0.3065)
김혜원 (0.3065)"
2021,조선해양공학,"Jin Ha Kim (0.0783)
Jae-Sang Jung (0.0783)
Jae Sang Jung (0.0783)
Il-Ryong Park (0.0783)
Jin-Ha Kim (0.0783)
In-Bo Park (0.0783)
Sung-Chul Hwang (0.0783)
박병원 (0.0783)
Yong-Guk Lee (0.0783)
Sung-Jun Jung (0.0783)"
2021,컴퓨터학,"김희숙 (1.1023)
한승철 (1.0706)
임태환 (1.0706)
양인철 (1.0453)
Seungmin Oh (0.992)
김윤 (0.9472)
곽정환 (0.8841)
강재용 (0.8623)
Yeonggwang Kim (0.8271)
이상진 (0.8205)"
2021,화학공학,"이종집 (0.121)
김승영 (0.1084)
박태진 (0.0771)
이경미 (0.0674)
김정환 (0.0626)
홍혜현 (0.0409)
강민성 (0.0409)
심지한 (0.0313)
최병민 (0.0313)
황준호 (0.0313)"
2022,건축공학,"김진영 (0.1965)
장연주 (0.1442)
이수기 (0.1442)
조진균 (0.1423)
송아람 (0.1366)
전희정 (0.1355)
강승엽 (0.1355)
조철호 (0.1355)
허재필 (0.1355)
강서윤 (0.1355)"
2022,공학 일반,"이정민 (0.2152)
김종임 (0.1766)
원희욱 (0.1664)
손해경 (0.1664)
한미현 (0.1644)
홍민희 (0.1421)
유용균 (0.1356)
김윤호 (0.1356)
김병만 (0.1356)
이성옥 (0.1356)"
2022,기계공학,"신현장 (0.0821)
오민재 (0.0783)
구남국 (0.0699)
함승호 (0.0639)
이찬 (0.0613)
마정목 (0.059)
오상진 (0.059)
최혜빈 (0.059)
유상우 (0.059)
이현식 (0.059)"
2022,기타 공학,"김용규 (0.2136)
박채옥 (0.2136)
신영인 (0.2136)
윤용기 (0.2136)
김정태 (0.2136)
김성진 (0.2136)
추상호 (0.1985)
신송현 (0.1985)
장승호 (0.1586)
김덕녕 (0.1572)"
2022,산업공학,"이채록 (0.536)
원종관 (0.536)
홍태호 (0.3542)
권오병 (0.3254)
이경수 (0.3063)
박예린 (0.3063)
신윤종 (0.3063)
손권상 (0.3063)
강은경 (0.2967)
양선욱 (0.2967)"
2022,재료·에너지공학,"박성혁 (0.2169)
차재원 (0.1913)
진상철 (0.1321)
김정기 (0.062)
김영민 (0.0593)
김형섭 (0.0552)
배동화 (0.0512)
유성훈 (0.0456)
심지현 (0.0456)
김예진 (0.0431)"
2022,전기전자공학,"이지형 (0.6996)
강재모 (0.5906)
오하영 (0.5699)
장경식 (0.5589)
남충현 (0.5472)
신영학 (0.5348)
강성환 (0.534)
신요섭 (0.534)
이세훈 (0.534)
박대진 (0.5227)"
2022,조선해양공학,"DooJin Jung (0.0985)
김상현 (0.0985)
이우동 (0.0806)
윤현규 (0.0542)
구원철 (0.0538)
전명준 (0.0448)
WangGook Lee (0.0448)
Sooyeon Kwon (0.0448)
Thi Loan Mai (0.0448)
Anh Khoa Vo (0.0448)"
2022,컴퓨터학,"김동회 (2.3912)
정윤아 (1.5021)
김세하 (1.3861)
송주환 (0.9913)
이상진 (0.9068)
우탁 (0.8477)
민정익 (0.838)
김청원 (0.7897)
박정흠 (0.7737)
정예진 (0.751)"
2022,화학공학,"신현재 (0.0946)
최문희 (0.0473)
오득실 (0.0473)
한인수 (0.0429)
하진욱 (0.0429)
양시열 (0.0429)
심예림 (0.0347)
이나희 (0.0347)
정찬혁 (0.0347)
허성구 (0.0347)"
2023,건축공학,"기서진 (0.3905)
신승구 (0.2821)
홍원화 (0.2711)
이효섭 (0.217)
김재일 (0.217)
장진욱 (0.217)
안용태 (0.217)
박현건 (0.217)
미타 누르하야티 (0.1953)
홍범의 (0.1953)"
2023,공학 일반,"마정목 (0.2019)
송미옥 (0.1972)
김종임 (0.1941)
조영미 (0.1553)
조성제 (0.1429)
장희경 (0.1429)
김계하 (0.1367)
배한주 (0.1367)
성경미 (0.118)
박효정 (0.1165)"
2023,기계공학,"김동욱 (0.1896)
박준필 (0.1333)
이재선 (0.1333)
박상철 (0.1307)
이기한 (0.1238)
안상현 (0.1188)
조은성 (0.1109)
조수용 (0.1024)
조종현 (0.1001)
박영현 (0.0978)"
2023,기타 공학,"정성용 (0.1258)
이청원 (0.1258)
민건규 (0.1165)
가동주 (0.1165)
이성진 (0.1123)
기성훈 (0.1123)
오철 (0.0839)
조영 (0.0839)
여화수 (0.0652)
이희성 (0.0576)"
2023,산업공학,"김재경 (0.48)
손수진 (0.4385)
최인호 (0.4385)
이민영 (0.4385)
김인영 (0.4385)
최지우 (0.4385)
최상현 (0.3923)
류동엽 (0.3831)
이흠철 (0.3831)
조성주 (0.3831)"
2023,재료·에너지공학,"정남균 (0.1167)
차균호 (0.0909)
김홍진 (0.0789)
조영철 (0.0789)
심가희 (0.0635)
박준영 (0.0453)
김정기 (0.0453)
정상국 (0.0363)
김형섭 (0.0363)
곽민석 (0.0363)"
2023,전기전자공학,"오하영 (0.5089)
심재창 (0.4677)
하영서 (0.4677)
박대우 (0.4633)
하종은 (0.4083)
전왕수 (0.3637)
이상용 (0.3637)
이재문 (0.3503)
정인환 (0.3503)
황기태 (0.3503)"
2023,조선해양공학,"이성욱 (0.0388)
남보우 (0.0277)
Jae Hyuk Choi (0.0277)
Zhenhao Song (0.0277)
Woo-Jin Park (0.0277)
박동수 (0.0277)
신문범 (0.0277)
서영교 (0.0277)
안진형 (0.0277)
JangRyong Shin (0.0222)"
2023,컴퓨터학,"김강석 (2.2356)
심기천 (0.9696)
윤태영 (0.9491)
강주영 (0.9491)
조풍진 (0.9475)
김예은 (0.8773)
박정흠 (0.8646)
최승호 (0.8552)
김경민 (0.8007)
임상훈 (0.8007)"
2023,화학공학,"Shengpeng Zhan (0.0888)
Tian Yang (0.0888)
Dan Jia (0.0888)
Jiesong Tu (0.0888)
lixin Ma (0.0888)
Bingxue Cheng (0.0888)
Duan Haitao (0.0888)
Ruize Li (0.0888)
허강무 (0.0296)
김성곤 (0.0296)"
2024,건축공학,"구형모 (0.4935)
고태영 (0.3774)
장수호 (0.3747)
강태호 (0.3747)
최순욱 (0.3747)
이재혁 (0.3672)
이예지 (0.3378)
나이슬 (0.3378)
손영규 (0.3378)
정석희 (0.284)"
2024,공학 일반,"조성제 (0.3675)
신은숙 (0.2461)
이병록 (0.2165)
정민경 (0.1952)
박재표 (0.1936)
김두리 (0.187)
김종임 (0.1821)
박지연 (0.1772)
정효정 (0.1755)
조영미 (0.1706)"
2024,기계공학,"김지혜 (0.0964)
함승호 (0.0964)
정보성 (0.0964)
최낙정 (0.0915)
이상협 (0.0915)
박세익 (0.0915)
박정극 (0.0915)
김규태 (0.0776)
유승관 (0.0725)
김승모 (0.0725)"
2024,기타 공학,"오철 (0.1167)
박준영 (0.0934)
고지은 (0.0778)
김정화 (0.0778)
주윤호 (0.0778)
강우석 (0.0778)
송태진 (0.0739)
곽호찬 (0.0719)
박영곤 (0.0553)
임희섭 (0.0545)"
2024,산업공학,"권상지 (0.3634)
박웅 (0.3634)
조남욱 (0.3634)
문혜정 (0.3634)
Tamer Abuhmed (0.3634)
Shaker El-Sappagh (0.3634)
Firuz Juraev (0.3634)
Amirhossein Danesh (0.3634)
이다현 (0.3634)
이은서 (0.3634)"
2024,재료·에너지공학,"김경수 (0.0481)
모하메드 아부 사져 (0.0407)
노민수 (0.0407)
김진혁 (0.0407)
박진주 (0.0262)
이준신 (0.0262)
안동규 (0.025)
전만수 (0.0229)
오민성 (0.0229)
김성 (0.0192)"
2024,전기전자공학,"신영학 (0.4208)
Soo Young Shin (0.3042)
김동주 (0.2933)
이창엽 (0.2933)
황도경 (0.2933)
정현진 (0.2837)
임창현 (0.2817)
이한주 (0.2812)
최석환 (0.2779)
김광남 (0.2779)"
2024,조선해양공학,"정광효 (0.0643)
허상환 (0.0643)
구원철 (0.0643)
Seonghee Yu (0.0643)
Sanghun Lee (0.0643)
Seong Yun Shin (0.0643)
Seonghyun Park (0.0643)
Heung Jin Park (0.0643)
강윤정 (0.0643)
Sung Boo Park (0.0643)"
2024,컴퓨터학,"김관호 (1.356)
김진영 (1.0083)
김남호 (0.9524)
최광미 (0.9524)
유우식 (0.8306)
유광현 (0.7709)
손태식 (0.7508)
이수창 (0.7278)
강지영 (0.6268)
Seung-Soo Shin (0.6081)"
2024,화학공학,"손성윤 (0.1189)
홍세화 (0.1189)
문성모 (0.1189)
Dieu Minh Ngo (0.1189)
Hyeokgi Hong (0.1189)
Sehan Yoon (0.1189)
Hyun Min Jung (0.1189)
정우택 (0.1189)
서양곤 (0.0812)
김기준 (0.0676)"
2025,건축공학,"김성준 (0.6223)
박용균 (0.6223)
이송은 (0.3838)
정아현 (0.3838)
조예원 (0.3838)
정세윤 (0.3838)
오근영 (0.3755)
박민재 (0.3617)
이창환 (0.3617)
이수기 (0.331)"
2025,공학 일반,"최석현 (0.32)
박철환 (0.2433)
박동진 (0.1933)
조성제 (0.1883)
김신향 (0.175)
김성봉 (0.1533)
마정목 (0.1517)
김종임 (0.1433)
김수현 (0.1367)
이승록 (0.1367)"
2025,기계공학,"채유진 (0.0986)
김민기 (0.0986)
박진수 (0.0986)
윤준섭 (0.0687)
황세윤 (0.0684)
이원구 (0.0684)
이장현 (0.0684)
명인선 (0.0684)
박영환 (0.0664)
Inyoung Song (0.0617)"
2025,기타 공학,"한은서 (0.1302)
박호철 (0.1302)
한우진 (0.1261)
장태연 (0.1261)
김창수 (0.1261)
김태준 (0.0692)
김정화 (0.0692)
주윤호 (0.0692)
이규진 (0.0692)
류인곤 (0.0692)"
2025,산업공학,"이청용 (0.3699)
박선우 (0.2487)
김재경 (0.1722)
이흠철 (0.1722)
우수현 (0.1722)
김려 (0.1722)
김재경 (0.153)
오영일 (0.1459)
박준수 (0.1459)
한승규 (0.1459)"
2025,재료·에너지공학,"박은덕 (0.0441)
김경수 (0.0352)
조찬민 (0.0302)
이동규 (0.0302)
심욱 (0.0302)
이광규 (0.0251)
황보현 (0.022)
윤흥수 (0.022)
김한봄 (0.022)
우수경 (0.022)"
2025,전기전자공학,"이상준 (0.3915)
김선영 (0.2587)
하종은 (0.2448)
전현식 (0.2448)
임태호 (0.2369)
이상현 (0.2369)
황면중 (0.2351)
홍진근 (0.2332)
김영민 (0.2253)
이동우 (0.2253)"
2025,조선해양공학,"Joonmo Choung (0.1626)
Alberto Peña (0.0887)
Doyoung Kwon (0.0887)
Iñigo Albaina (0.0887)
Jesús María Blanco (0.0887)
Gustavo Adolfo Esteban (0.0887)
Iñigo Bidaguren (0.0887)
Urko Izquierdo (0.0887)
Sang-Rai Cho (0.0887)
Youngsik Jang (0.0887)"
2025,컴퓨터학,"김건동 (1.4504)
권보람 (0.7447)
우탁 (0.6388)
강지영 (0.6223)
김유진 (0.5779)
이형석 (0.5779)
권보민 (0.5749)
원종윤 (0.5678)
황효현 (0.5678)
임수연 (0.5678)"
2025,화학공학,"이지훈 (0.1812)
조형태 (0.1353)
이재원 (0.1353)
허필호 (0.1076)
전상구 (0.0906)
최명찬 (0.0906)
김승연 (0.0906)
이재룡 (0.0906)
이주홍 (0.0906)
임원빈 (0.0906)"
