Rank,Year,Class_Name,Author_ID,Author_Name,Total_Papers,Final_Score,Raw_Trend_Score,Paper_List_Details
1,2024,산업공학,288697308,권상지,2,0.3634,0.20649,"한국지능정보시스템학회 (NODE12015516, IF: 1.76)
한국지능정보시스템학회 (NODE11936019, IF: 1.76)"
2,2024,산업공학,422934492,이은서,2,0.3634,0.20649,"한국지능정보시스템학회 (NODE12015516, IF: 1.76)
한국지능정보시스템학회 (NODE11936019, IF: 1.76)"
3,2024,산업공학,123366483,권오병,2,0.3634,0.20649,"한국지능정보시스템학회 (NODE12015516, IF: 1.76)
한국지능정보시스템학회 (NODE11936019, IF: 1.76)"
4,2024,산업공학,527390672,배환석,1,0.3634,0.20649,"한국지능정보시스템학회 (NODE11770713, IF: 1.76)"
5,2024,산업공학,174267410,김진수,1,0.3634,0.20649,"한국지능정보시스템학회 (NODE11770713, IF: 1.76)"
6,2024,산업공학,433563432,양성병,1,0.3634,0.20649,"한국지능정보시스템학회 (NODE11770713, IF: 1.76)"
7,2024,산업공학,749634,김태경,1,0.3634,0.20649,"한국지능정보시스템학회 (NODE11770713, IF: 1.76)"
8,2024,산업공학,340907,김지혁,1,0.3634,0.20649,"한국지능정보시스템학회 (NODE11770726, IF: 1.76)"
9,2024,산업공학,687625912,장청롱,1,0.3634,0.20649,"한국지능정보시스템학회 (NODE11770726, IF: 1.76)"
10,2024,산업공학,667076068,박웅,1,0.3634,0.20649,"한국지능정보시스템학회 (NODE11770726, IF: 1.76)"
11,2024,산업공학,254258928,이다현,1,0.3634,0.20649,"한국지능정보시스템학회 (NODE12015516, IF: 1.76)"
12,2024,산업공학,434727604,Amirhossein Danesh,1,0.3634,0.20649,"한국지능정보시스템학회 (NODE11840359, IF: 1.76)"
13,2024,산업공학,142611207,Firuz Juraev,1,0.3634,0.20649,"한국지능정보시스템학회 (NODE11840359, IF: 1.76)"
14,2024,산업공학,926686881,Shaker El-Sappagh,1,0.3634,0.20649,"한국지능정보시스템학회 (NODE11840359, IF: 1.76)"
15,2024,산업공학,227672364,Tamer Abuhmed,1,0.3634,0.20649,"한국지능정보시스템학회 (NODE11840359, IF: 1.76)"
16,2024,산업공학,932682248,문혜정,1,0.3634,0.20649,"한국지능정보시스템학회 (NODE11840365, IF: 1.76)"
17,2024,산업공학,216582951,조남욱,1,0.3634,0.20649,"한국지능정보시스템학회 (NODE11840365, IF: 1.76)"
18,2024,산업공학,413082553,최병호,2,0.2555,0.41888000000000003,"한국신뢰성학회 (NODE11819267, IF: 0.61)
한국신뢰성학회 (NODE11819268, IF: 0.61)"
19,2024,산업공학,795981017,김민규,2,0.2555,0.41888000000000003,"한국신뢰성학회 (NODE11819267, IF: 0.61)
한국신뢰성학회 (NODE11819268, IF: 0.61)"
20,2024,산업공학,556250185,김흥섭,2,0.2555,0.41888000000000003,"한국신뢰성학회 (NODE11819267, IF: 0.61)
한국신뢰성학회 (NODE11819268, IF: 0.61)"
21,2024,산업공학,520735579,김우주,6,0.2284,0.129792,"한국지능정보시스템학회 (NODE11770723, IF: 1.76)
한국지능정보시스템학회 (NODE12015526, IF: 1.76)
한국지능정보시스템학회 (NODE11840367, IF: 1.76)
한국지능정보시스템학회 (NODE11840368, IF: 1.76)
한국지능정보시스템학회 (NODE11840369, IF: 1.76)
한국지능정보시스템학회 (NODE11840371, IF: 1.76)"
22,2024,산업공학,972605628,이형용,5,0.218,0.12389200000000002,"한국지능정보시스템학회 (NODE12015519, IF: 1.76)
한국지능정보시스템학회 (NODE12015520, IF: 1.76)
한국지능정보시스템학회 (NODE12015521, IF: 1.76)
한국지능정보시스템학회 (NODE11936020, IF: 1.76)
한국지능정보시스템학회 (NODE11936021, IF: 1.76)"
23,2024,산업공학,388354192,홍민상,2,0.218,0.12389200000000002,"한국지능정보시스템학회 (NODE12015519, IF: 1.76)
한국지능정보시스템학회 (NODE11936021, IF: 1.76)"
24,2024,산업공학,911243546,김재경,6,0.2025,0.11504400000000001,"한국지능정보시스템학회 (NODE11770712, IF: 1.76)
한국지능정보시스템학회 (NODE11770717, IF: 1.76)
한국지능정보시스템학회 (NODE11770718, IF: 1.76)
한국지능정보시스템학회 (NODE12015515, IF: 1.76)
한국지능정보시스템학회 (NODE11936014, IF: 1.76)
한국지능정보시스템학회 (NODE11936016, IF: 1.76)"
25,2024,산업공학,680456184,강주영,5,0.1713,0.09734300000000001,"한국지능정보시스템학회 (NODE12015527, IF: 1.76)
한국지능정보시스템학회 (NODE12015531, IF: 1.76)
한국지능정보시스템학회 (NODE11840364, IF: 1.76)
한국지능정보시스템학회 (NODE11936009, IF: 1.76)
한국지능정보시스템학회 (NODE11936017, IF: 1.76)"
26,2024,산업공학,224082210,이흠철,4,0.1609,0.09144500000000001,"한국지능정보시스템학회 (NODE11770717, IF: 1.76)
한국지능정보시스템학회 (NODE11770718, IF: 1.76)
한국지능정보시스템학회 (NODE11936014, IF: 1.76)
한국지능정보시스템학회 (NODE11936016, IF: 1.76)"
27,2024,산업공학,841630066,박종혁,3,0.1558,0.088495,"한국지능정보시스템학회 (NODE12015528, IF: 1.76)
한국지능정보시스템학회 (NODE11840362, IF: 1.76)
한국지능정보시스템학회 (NODE11936012, IF: 1.76)"
28,2024,산업공학,760009950,박선우,3,0.1506,0.08554500000000001,"한국지능정보시스템학회 (NODE11770718, IF: 1.76)
한국지능정보시스템학회 (NODE11936014, IF: 1.76)
한국지능정보시스템학회 (NODE11936016, IF: 1.76)"
29,2024,산업공학,648033305,김지현,3,0.1506,0.08554500000000001,"한국지능정보시스템학회 (NODE11770718, IF: 1.76)
한국지능정보시스템학회 (NODE11936014, IF: 1.76)
한국지능정보시스템학회 (NODE11936016, IF: 1.76)"
30,2024,산업공학,821427299,임희나,1,0.1506,0.08554500000000001,"한국지능정보시스템학회 (NODE11936014, IF: 1.76)"
31,2024,산업공학,225540060,윤지현,1,0.1506,0.08554500000000001,"한국지능정보시스템학회 (NODE11936014, IF: 1.76)"
32,2024,산업공학,783960589,김용수,3,0.1334,0.22419,"한국신뢰성학회 (NODE11819266, IF: 0.61)
대한산업공학회 (NODE11723313, IF: 0.42)
대한산업공학회 (NODE12007694, IF: 0.42)"
33,2024,산업공학,885122490,이주현,1,0.1296,0.21239,"한국신뢰성학회 (NODE11819267, IF: 0.61)"
34,2024,산업공학,624781855,심효섭,1,0.1296,0.21239,"한국신뢰성학회 (NODE11819267, IF: 0.61)"
35,2024,산업공학,803014162,김동후,1,0.1296,0.21239,"한국신뢰성학회 (NODE11819267, IF: 0.61)"
36,2024,산업공학,783463407,김성목,2,0.126,0.20649,"한국신뢰성학회 (NODE11819266, IF: 0.61)
한국신뢰성학회 (NODE11741980, IF: 0.61)"
37,2024,산업공학,787407740,이정오,1,0.126,0.20649,"한국신뢰성학회 (NODE11819266, IF: 0.61)"
38,2024,산업공학,684139959,김우영,3,0.1142,0.064896,"한국지능정보시스템학회 (NODE11770723, IF: 1.76)
한국지능정보시스템학회 (NODE11840367, IF: 1.76)
한국지능정보시스템학회 (NODE11840369, IF: 1.76)"
39,2024,산업공학,5481462,이한솔,2,0.1142,0.06489500000000001,"한국지능정보시스템학회 (NODE12015527, IF: 1.76)
한국지능정보시스템학회 (NODE11936017, IF: 1.76)"
40,2024,산업공학,812344061,김종민,1,0.1142,0.06489600000000001,"한국지능정보시스템학회 (NODE12015519, IF: 1.76)"
41,2024,산업공학,294786936,박정민,2,0.1038,0.05899600000000001,"한국지능정보시스템학회 (NODE11936020, IF: 1.76)
한국지능정보시스템학회 (NODE11936021, IF: 1.76)"
42,2024,산업공학,202461606,박성진,1,0.1038,0.05899700000000001,"한국지능정보시스템학회 (NODE11840362, IF: 1.76)"
43,2024,산업공학,649168521,Mehmet Mustafa Özalp,1,0.0942,0.224189,"대한산업공학회 (NODE11826451, IF: 0.42)"
44,2024,산업공학,538419008,Mehmet Bülent Durmuşoğlu,1,0.0942,0.224189,"대한산업공학회 (NODE11826451, IF: 0.42)"
45,2024,산업공학,983449653,정세영,1,0.0934,0.053096,"한국지능정보시스템학회 (NODE11840367, IF: 1.76)"
46,2024,산업공학,409959611,김대식,1,0.0934,0.053096,"한국지능정보시스템학회 (NODE11840367, IF: 1.76)"
47,2024,산업공학,971693898,남정재,1,0.0934,0.053096000000000004,"한국지능정보시스템학회 (NODE11840368, IF: 1.76)"
48,2024,산업공학,129853718,이태훈,1,0.0934,0.053096000000000004,"한국지능정보시스템학회 (NODE11840368, IF: 1.76)"
49,2024,산업공학,159522978,왕수연,1,0.0934,0.053096000000000004,"한국지능정보시스템학회 (NODE11840368, IF: 1.76)"
50,2024,산업공학,558267011,Minkyu Lee,1,0.0892,0.21239,"대한산업공학회 (NODE11936028, IF: 0.42)"
51,2024,산업공학,606433198,Namhyoung Kim,1,0.0892,0.21239,"대한산업공학회 (NODE11936028, IF: 0.42)"
52,2024,산업공학,129806812,장호준,1,0.0867,0.20649,"대한산업공학회 (NODE11811994, IF: 0.42)"
53,2024,산업공학,556272742,이기환,1,0.0867,0.20649,"대한산업공학회 (NODE11811994, IF: 0.42)"
54,2024,산업공학,468013668,이희상,1,0.0867,0.20649,"대한산업공학회 (NODE11811994, IF: 0.42)"
55,2024,산업공학,424581675,최혁준,1,0.0727,0.041297,"한국지능정보시스템학회 (NODE12015527, IF: 1.76)"
56,2024,산업공학,103190911,강필성,2,0.0669,0.15929100000000002,"대한산업공학회 (NODE11723316, IF: 0.42)
대한산업공학회 (NODE11751384, IF: 0.42)"
57,2024,산업공학,842087206,김진형,1,0.0571,0.032448000000000005,"한국지능정보시스템학회 (NODE11770724, IF: 1.76)"
58,2024,산업공학,817592863,박윤주,1,0.0571,0.032448000000000005,"한국지능정보시스템학회 (NODE11770724, IF: 1.76)"
59,2024,산업공학,291486525,오세규,1,0.0571,0.032448000000000005,"한국지능정보시스템학회 (NODE11840364, IF: 1.76)"
60,2024,산업공학,979930980,이제혁,2,0.0569,0.041297,"대한산업공학회 (NODE11894501, IF: 0.42)
한국지능정보시스템학회 (NODE11770715, IF: 1.76)"
61,2024,산업공학,845054047,김정현,1,0.0519,0.029498,"한국지능정보시스템학회 (NODE11770715, IF: 1.76)"
62,2024,산업공학,414347079,박재욱,1,0.0519,0.029498,"한국지능정보시스템학회 (NODE12015528, IF: 1.76)"
63,2024,산업공학,823058393,홍태호,3,0.0415,0.023599,"한국지능정보시스템학회 (NODE11770727, IF: 1.76)
한국지능정보시스템학회 (NODE12015517, IF: 1.76)
한국지능정보시스템학회 (NODE11840366, IF: 1.76)"
64,2024,산업공학,241778319,안현철,3,0.0415,0.023599,"한국지능정보시스템학회 (NODE12015523, IF: 1.76)
한국지능정보시스템학회 (NODE11936025, IF: 1.76)
한국지능정보시스템학회 (NODE11936026, IF: 1.76)"
65,2024,산업공학,646350541,송민,2,0.0415,0.023598,"한국지능정보시스템학회 (NODE11770720, IF: 1.76)
한국지능정보시스템학회 (NODE11840373, IF: 1.76)"
66,2024,산업공학,900837,김은미,2,0.0415,0.023599,"한국지능정보시스템학회 (NODE12015517, IF: 1.76)
한국지능정보시스템학회 (NODE11840366, IF: 1.76)"
67,2024,산업공학,837587873,정민화,1,0.0415,0.023598,"한국지능정보시스템학회 (NODE11770720, IF: 1.76)"
68,2024,산업공학,296105725,윤요섭,1,0.0415,0.023599,"한국지능정보시스템학회 (NODE12015523, IF: 1.76)"
69,2024,산업공학,999228119,남승진,1,0.0415,0.023599,"한국지능정보시스템학회 (NODE11840366, IF: 1.76)"
70,2024,산업공학,553868530,김태이,1,0.0415,0.023599,"한국지능정보시스템학회 (NODE11840366, IF: 1.76)"
71,2024,산업공학,139125399,주민근,1,0.0415,0.023598,"한국지능정보시스템학회 (NODE11936011, IF: 1.76)"
72,2024,산업공학,906907679,김영준,1,0.0415,0.023598,"한국지능정보시스템학회 (NODE11936011, IF: 1.76)"
73,2024,산업공학,758665087,홍채영,1,0.0415,0.023598,"한국지능정보시스템학회 (NODE11936017, IF: 1.76)"
74,2024,산업공학,642847800,김남규,2,0.0363,0.020649999999999998,"한국지능정보시스템학회 (NODE12015518, IF: 1.76)
한국지능정보시스템학회 (NODE11840360, IF: 1.76)"
75,2024,산업공학,5489019,한승헌,1,0.0359,0.08554500000000001,"대한산업공학회 (NODE11751384, IF: 0.42)"
76,2024,산업공학,618611615,강민혁,1,0.0359,0.08554500000000001,"대한산업공학회 (NODE11751384, IF: 0.42)"
77,2024,산업공학,842010482,황우현,1,0.0359,0.08554500000000001,"대한산업공학회 (NODE11751384, IF: 0.42)"
78,2024,산업공학,212778990,박도형,3,0.0312,0.017699,"한국지능정보시스템학회 (NODE12015529, IF: 1.76)
한국지능정보시스템학회 (NODE11840363, IF: 1.76)
한국지능정보시스템학회 (NODE11936023, IF: 1.76)"
79,2024,산업공학,5119235,이청용,1,0.0312,0.017699,"한국지능정보시스템학회 (NODE11770712, IF: 1.76)"
80,2024,산업공학,827288906,장동수,1,0.0312,0.017699,"한국지능정보시스템학회 (NODE11770712, IF: 1.76)"
81,2024,산업공학,753299103,구하은,1,0.0312,0.017699,"한국지능정보시스템학회 (NODE11770712, IF: 1.76)"
82,2024,산업공학,443880069,Suhyeon Park,1,0.0312,0.017699,"한국지능정보시스템학회 (NODE11840363, IF: 1.76)"
83,2024,산업공학,654461340,Sohyun Kim,1,0.0312,0.017699,"한국지능정보시스템학회 (NODE11840363, IF: 1.76)"
84,2024,산업공학,889370210,Hyejin Cho,1,0.0312,0.017699,"한국지능정보시스템학회 (NODE11840363, IF: 1.76)"
85,2024,산업공학,510572680,Kiju Kim,1,0.0312,0.017699,"한국지능정보시스템학회 (NODE11840363, IF: 1.76)"
86,2024,산업공학,430864841,김중훈,1,0.031,0.073746,"대한산업공학회 (NODE11723316, IF: 0.42)"
87,2024,산업공학,193691364,박새란,1,0.031,0.073746,"대한산업공학회 (NODE11723316, IF: 0.42)"
88,2024,산업공학,667560701,이지윤,1,0.031,0.073746,"대한산업공학회 (NODE11723316, IF: 0.42)"
89,2024,산업공학,665213803,김재희,1,0.031,0.073746,"대한산업공학회 (NODE11723316, IF: 0.42)"
90,2024,산업공학,832904335,장인홍,3,0.0288,0.0472,"한국신뢰성학회 (NODE11819262, IF: 0.61)
한국신뢰성학회 (NODE12008922, IF: 0.61)
한국신뢰성학회 (NODE11741974, IF: 0.61)"
91,2024,산업공학,892951981,박서희,1,0.026,0.01475,"한국지능정보시스템학회 (NODE11770711, IF: 1.76)"
92,2024,산업공학,433785826,정여진,1,0.026,0.01475,"한국지능정보시스템학회 (NODE11770711, IF: 1.76)"
93,2024,산업공학,603651977,고민희,1,0.026,0.01475,"한국지능정보시스템학회 (NODE11770711, IF: 1.76)"
94,2024,산업공학,641164161,심준보,1,0.026,0.01475,"한국지능정보시스템학회 (NODE11840360, IF: 1.76)"
95,2024,산업공학,778399940,김태용,2,0.0208,0.0118,"한국지능정보시스템학회 (NODE11770723, IF: 1.76)
한국지능정보시스템학회 (NODE11840369, IF: 1.76)"
96,2024,산업공학,954320561,이명진,2,0.0208,0.0118,"한국지능정보시스템학회 (NODE11770723, IF: 1.76)
한국지능정보시스템학회 (NODE11840369, IF: 1.76)"
97,2024,산업공학,620822112,손의성,2,0.0208,0.0118,"한국지능정보시스템학회 (NODE11770723, IF: 1.76)
한국지능정보시스템학회 (NODE11840369, IF: 1.76)"
98,2024,산업공학,296709242,최상현,2,0.0208,0.0118,"한국지능정보시스템학회 (NODE12015524, IF: 1.76)
한국지능정보시스템학회 (NODE12015525, IF: 1.76)"
99,2024,산업공학,181577771,이다혜,2,0.018,0.0295,"한국신뢰성학회 (NODE11819262, IF: 0.61)
한국신뢰성학회 (NODE11741974, IF: 0.61)"
100,2024,산업공학,557534110,김윤수,1,0.0108,0.0177,"한국신뢰성학회 (NODE12008922, IF: 0.61)"
101,2024,산업공학,870412907,박명석,1,0.0104,0.0059,"한국지능정보시스템학회 (NODE11770714, IF: 1.76)"
102,2024,산업공학,520328014,유성주,1,0.0104,0.0059,"한국지능정보시스템학회 (NODE11770714, IF: 1.76)"
103,2024,산업공학,308490133,김재윤,1,0.0104,0.0059,"한국지능정보시스템학회 (NODE11770714, IF: 1.76)"
104,2024,산업공학,603321338,정다솜,1,0.0104,0.0059,"한국지능정보시스템학회 (NODE11770717, IF: 1.76)"
105,2024,산업공학,227268139,류동엽,1,0.0104,0.0059,"한국지능정보시스템학회 (NODE11770717, IF: 1.76)"
106,2024,산업공학,174411506,조희록,1,0.0104,0.0059,"한국지능정보시스템학회 (NODE11770719, IF: 1.76)"
107,2024,산업공학,473003918,박승범,1,0.0104,0.0059,"한국지능정보시스템학회 (NODE11770719, IF: 1.76)"
108,2024,산업공학,702216062,이병현,1,0.0104,0.0059,"한국지능정보시스템학회 (NODE12015515, IF: 1.76)"
109,2024,산업공학,513948295,이은준,1,0.0104,0.0059,"한국지능정보시스템학회 (NODE12015515, IF: 1.76)"
110,2024,산업공학,462700515,강지호,1,0.0104,0.0059,"한국지능정보시스템학회 (NODE12015515, IF: 1.76)"
111,2024,산업공학,821767713,홍주영,1,0.0104,0.0059,"한국지능정보시스템학회 (NODE12015518, IF: 1.76)"
112,2024,산업공학,283594673,김립,1,0.0104,0.0059,"한국지능정보시스템학회 (NODE12015518, IF: 1.76)"
113,2024,산업공학,914535105,윤동규,1,0.0104,0.0059,"한국지능정보시스템학회 (NODE12015524, IF: 1.76)"
114,2024,산업공학,230151019,신현준,1,0.0104,0.0059,"한국지능정보시스템학회 (NODE12015524, IF: 1.76)"
115,2024,산업공학,414879116,조성주,1,0.0104,0.0059,"한국지능정보시스템학회 (NODE12015524, IF: 1.76)"
116,2024,산업공학,721123457,조중훈,1,0.0104,0.0059,"한국지능정보시스템학회 (NODE12015525, IF: 1.76)"
117,2024,산업공학,907370321,박기태,1,0.0104,0.0059,"한국지능정보시스템학회 (NODE12015525, IF: 1.76)"
118,2024,산업공학,616691006,이연석,1,0.0104,0.0059,"한국지능정보시스템학회 (NODE12015525, IF: 1.76)"
119,2024,산업공학,635955525,전소영,1,0.0104,0.0059,"한국지능정보시스템학회 (NODE12015526, IF: 1.76)"
120,2024,산업공학,524137781,박예린,1,0.0104,0.0059,"한국지능정보시스템학회 (NODE11840370, IF: 1.76)"
121,2024,산업공학,909996627,박가림,1,0.0104,0.0059,"한국지능정보시스템학회 (NODE11840370, IF: 1.76)"
122,2024,산업공학,295381934,이유봉,1,0.0104,0.0059,"한국지능정보시스템학회 (NODE11840370, IF: 1.76)"
123,2024,산업공학,184395235,손권상,1,0.0104,0.0059,"한국지능정보시스템학회 (NODE11840370, IF: 1.76)"
124,2024,산업공학,117721756,정해민,1,0.0104,0.0059,"한국지능정보시스템학회 (NODE11840371, IF: 1.76)"
125,2024,산업공학,300962783,조혁주,1,0.0104,0.0059,"한국지능정보시스템학회 (NODE11840371, IF: 1.76)"
126,2024,산업공학,406102841,이광연,1,0.0104,0.0059,"한국지능정보시스템학회 (NODE11840371, IF: 1.76)"
127,2024,산업공학,768426038,최인찬,1,0.0099,0.023599,"대한산업공학회 (NODE12007696, IF: 0.42)"
128,2024,산업공학,872867677,손무성,1,0.0099,0.023599,"대한산업공학회 (NODE12007696, IF: 0.42)"
129,2024,산업공학,267497081,전영민,1,0.0099,0.023599,"대한산업공학회 (NODE12007696, IF: 0.42)"
130,2024,산업공학,638273159,서민태,4,0.0094,0.0236,"대한인간공학회 (NODE11894567, IF: 0.4)
대한인간공학회 (NODE11766990, IF: 0.4)
대한인간공학회 (NODE12038182, IF: 0.4)
대한인간공학회 (NODE12038183, IF: 0.4)"
131,2024,산업공학,360397136,김인수,3,0.0094,0.0236,"대한인간공학회 (NODE11894567, IF: 0.4)
대한인간공학회 (NODE12038182, IF: 0.4)
대한인간공학회 (NODE12038183, IF: 0.4)"
132,2024,산업공학,187799482,이충근,3,0.0094,0.0236,"대한인간공학회 (NODE11894567, IF: 0.4)
대한인간공학회 (NODE12038182, IF: 0.4)
대한인간공학회 (NODE12038183, IF: 0.4)"
133,2024,산업공학,577938201,정원건,2,0.0094,0.0236,"대한인간공학회 (NODE11894567, IF: 0.4)
대한인간공학회 (NODE12038183, IF: 0.4)"
134,2024,산업공학,616522509,반영환,3,0.0083,0.020649,"대한인간공학회 (NODE11725141, IF: 0.4)
대한인간공학회 (NODE11725142, IF: 0.4)
대한인간공학회 (NODE11987956, IF: 0.4)"
135,2024,산업공학,954036348,Shou Yi Yu,1,0.0083,0.020649,"대한인간공학회 (NODE11725142, IF: 0.4)"
136,2024,산업공학,512281294,Jun Ping Xu,1,0.0083,0.020649,"대한인간공학회 (NODE11725142, IF: 0.4)"
137,2024,산업공학,2066528,장수민,1,0.0083,0.020649,"대한인간공학회 (NODE11725142, IF: 0.4)"
138,2024,산업공학,519592794,엄시은,1,0.0083,0.020649,"대한인간공학회 (NODE11987953, IF: 0.4)"
139,2024,산업공학,632517550,이슬찬,1,0.0083,0.020649,"대한인간공학회 (NODE11987953, IF: 0.4)"
140,2024,산업공학,771269193,최재호,1,0.0083,0.020649,"대한인간공학회 (NODE11987958, IF: 0.4)"
141,2024,산업공학,719835220,윤주호,2,0.0074,0.0177,"대한산업공학회 (NODE11723317, IF: 0.42)
대한산업공학회 (NODE11811991, IF: 0.42)"
142,2024,산업공학,885632915,김병훈,2,0.0074,0.0177,"대한산업공학회 (NODE11723317, IF: 0.42)
대한산업공학회 (NODE11811991, IF: 0.42)"
143,2024,산업공학,661613305,서경준,1,0.0072,0.0118,"한국신뢰성학회 (NODE11931591, IF: 0.61)"
144,2024,산업공학,641354062,곽원택,1,0.0059,0.01475,"대한인간공학회 (NODE11725139, IF: 0.4)"
145,2024,산업공학,346231698,김진호,1,0.0059,0.01475,"대한인간공학회 (NODE11725139, IF: 0.4)"
146,2024,산업공학,815745754,박재희,1,0.0059,0.01475,"대한인간공학회 (NODE11725139, IF: 0.4)"
147,2024,산업공학,639400233,Thai Ha Quan,1,0.0051,0.011799,"한국SCM학회 (NODE11800062, IF: 0.43)"
148,2024,산업공학,362840674,Chang Hwan Lee,1,0.0051,0.011799,"한국SCM학회 (NODE11800062, IF: 0.43)"
149,2024,산업공학,584488484,Masayuki Goto,4,0.005,0.011799,"대한산업공학회 (NODE11826444, IF: 0.42)
대한산업공학회 (NODE11826448, IF: 0.42)
대한산업공학회 (NODE11826453, IF: 0.42)
대한산업공학회 (NODE12014511, IF: 0.42)"
150,2024,산업공학,305454855,윤장혁,2,0.005,0.011799,"대한산업공학회 (NODE11894502, IF: 0.42)
대한산업공학회 (NODE11812002, IF: 0.42)"
151,2024,산업공학,322996909,변재현,2,0.005,0.0118,"대한산업공학회 (NODE11940833, IF: 0.42)
대한산업공학회 (NODE12007694, IF: 0.42)"
152,2024,산업공학,899388591,Ayako Yamagiwa,2,0.005,0.011799,"대한산업공학회 (NODE11826444, IF: 0.42)
대한산업공학회 (NODE11826448, IF: 0.42)"
153,2024,산업공학,907183127,정가연,1,0.005,0.011799,"대한산업공학회 (NODE11894501, IF: 0.42)"
154,2024,산업공학,656932627,이혁제,1,0.005,0.011799,"대한산업공학회 (NODE11894501, IF: 0.42)"
155,2024,산업공학,629157257,이준영,1,0.005,0.011799,"대한산업공학회 (NODE11894501, IF: 0.42)"
156,2024,산업공학,724999765,구하연,1,0.005,0.011799,"대한산업공학회 (NODE11894502, IF: 0.42)"
157,2024,산업공학,513085157,이지호,1,0.005,0.011799,"대한산업공학회 (NODE11894502, IF: 0.42)"
158,2024,산업공학,618275841,이현우,1,0.005,0.0118,"대한산업공학회 (NODE11940825, IF: 0.42)"
159,2024,산업공학,511485497,차민규,1,0.005,0.0118,"대한산업공학회 (NODE11940825, IF: 0.42)"
160,2024,산업공학,820275124,이도현,1,0.005,0.0118,"대한산업공학회 (NODE11940825, IF: 0.42)"
161,2024,산업공학,443457627,신현경,1,0.005,0.0118,"대한산업공학회 (NODE11940825, IF: 0.42)"
162,2024,산업공학,602600942,김용재,1,0.005,0.0118,"대한산업공학회 (NODE11940825, IF: 0.42)"
163,2024,산업공학,281715346,김병수,1,0.005,0.0118,"대한산업공학회 (NODE11940825, IF: 0.42)"
164,2024,산업공학,930021790,Kotaro Yamashita,1,0.005,0.011799,"대한산업공학회 (NODE11826448, IF: 0.42)"
165,2024,산업공학,364177400,Kyosuke Hasumoto,1,0.005,0.011799,"대한산업공학회 (NODE11826448, IF: 0.42)"
166,2024,산업공학,941156165,박정원,1,0.005,0.0118,"대한산업공학회 (NODE12007694, IF: 0.42)"
167,2024,산업공학,839009964,김도현,1,0.005,0.0118,"대한산업공학회 (NODE12007694, IF: 0.42)"
168,2024,산업공학,303390310,이동희,1,0.005,0.0118,"대한산업공학회 (NODE12007694, IF: 0.42)"
169,2024,산업공학,863537536,F. Smaili,1,0.005,0.011799,"대한산업공학회 (NODE11936037, IF: 0.42)"
170,2024,산업공학,882791733,김승연,2,0.0047,0.0118,"대한인간공학회 (NODE11894567, IF: 0.4)
대한인간공학회 (NODE11766990, IF: 0.4)"
171,2024,산업공학,527209986,홍재수,2,0.0047,0.0118,"대한인간공학회 (NODE11725140, IF: 0.4)
대한인간공학회 (NODE12038175, IF: 0.4)"
172,2024,산업공학,2249709,박수인,2,0.0047,0.0118,"대한인간공학회 (NODE12038182, IF: 0.4)
대한인간공학회 (NODE12038183, IF: 0.4)"
173,2024,산업공학,642452703,김효철,1,0.0047,0.0118,"대한인간공학회 (NODE12038183, IF: 0.4)"
174,2024,산업공학,366909790,Mohammed Said Obeidat,1,0.0037,0.00885,"대한산업공학회 (NODE11743352, IF: 0.42)"
175,2024,산업공학,929227413,Diana Bashar Abbasi,1,0.0037,0.00885,"대한산업공학회 (NODE11743352, IF: 0.42)"
176,2024,산업공학,595449755,Khalid Mohammad Alzoubi,1,0.0037,0.00885,"대한산업공학회 (NODE11743352, IF: 0.42)"
177,2024,산업공학,958552072,Linda A. Alyahya,1,0.0037,0.00885,"대한산업공학회 (NODE11743352, IF: 0.42)"
178,2024,산업공학,460223522,민현경,1,0.0036,0.0059,"한국신뢰성학회 (NODE11819261, IF: 0.61)"
179,2024,산업공학,458706542,최선아,1,0.0036,0.0059,"한국신뢰성학회 (NODE11819261, IF: 0.61)"
180,2024,산업공학,350178677,송영화,1,0.0036,0.0059,"한국신뢰성학회 (NODE11819261, IF: 0.61)"
181,2024,산업공학,777467899,강윤호,1,0.0036,0.0059,"한국신뢰성학회 (NODE11931582, IF: 0.61)"
182,2024,산업공학,512379304,최영락,1,0.0036,0.0059,"한국신뢰성학회 (NODE11931582, IF: 0.61)"
183,2024,산업공학,5111645,조용규,1,0.0036,0.0059,"한국신뢰성학회 (NODE11931584, IF: 0.61)"
184,2024,산업공학,254058859,이동현,1,0.0036,0.0059,"한국신뢰성학회 (NODE11931585, IF: 0.61)"
185,2024,산업공학,686216760,권동준,1,0.0036,0.0059,"한국신뢰성학회 (NODE11931585, IF: 0.61)"
186,2024,산업공학,674040341,김만태,1,0.0036,0.0059,"한국신뢰성학회 (NODE11931585, IF: 0.61)"
187,2024,산업공학,990807758,최재욱,1,0.0036,0.0059,"한국신뢰성학회 (NODE12008917, IF: 0.61)"
188,2024,산업공학,965664368,유붕,1,0.0036,0.0059,"한국신뢰성학회 (NODE12008917, IF: 0.61)"
189,2024,산업공학,177374858,박승환,1,0.0036,0.0059,"한국신뢰성학회 (NODE12008917, IF: 0.61)"
190,2024,산업공학,229826131,장현준,1,0.0036,0.0059,"한국신뢰성학회 (NODE12008923, IF: 0.61)"
191,2024,산업공학,144598189,배재훈,1,0.0036,0.0059,"한국신뢰성학회 (NODE12008923, IF: 0.61)"
192,2024,산업공학,381954793,김상훈,1,0.0036,0.0059,"한국신뢰성학회 (NODE12008923, IF: 0.61)"
193,2024,산업공학,277776783,김영선,1,0.0036,0.0059,"한국신뢰성학회 (NODE11741975, IF: 0.61)"
194,2024,산업공학,832519979,김민,1,0.0036,0.0059,"한국신뢰성학회 (NODE11741975, IF: 0.61)"
195,2024,산업공학,749545542,알폰,1,0.0036,0.0059,"한국신뢰성학회 (NODE11741975, IF: 0.61)"
196,2024,산업공학,304776655,박연경,1,0.0036,0.0059,"한국신뢰성학회 (NODE11741975, IF: 0.61)"
197,2024,산업공학,494839689,기도형,1,0.0035,0.00885,"대한인간공학회 (NODE11894564, IF: 0.4)"
198,2024,산업공학,385768725,김성범,4,0.0025,0.0059,"대한산업공학회 (NODE11894499, IF: 0.42)
대한산업공학회 (NODE11723314, IF: 0.42)
대한산업공학회 (NODE11811995, IF: 0.42)
대한산업공학회 (NODE11751381, IF: 0.42)"
199,2024,산업공학,449462055,심현수,2,0.0025,0.0059,"대한산업공학회 (NODE11723313, IF: 0.42)
한국신뢰성학회 (NODE11931590, IF: 0.61)"
200,2024,산업공학,626990289,김정인,1,0.0025,0.0059,"대한산업공학회 (NODE11894499, IF: 0.42)"
201,2024,산업공학,986658677,목충협,1,0.0025,0.0059,"대한산업공학회 (NODE11894499, IF: 0.42)"
202,2024,산업공학,810669672,김현지,1,0.0025,0.0059,"대한산업공학회 (NODE11894499, IF: 0.42)"
203,2024,산업공학,827134517,김재훈,1,0.0025,0.0059,"대한산업공학회 (NODE11894499, IF: 0.42)"
204,2024,산업공학,569274699,고효헌,1,0.0025,0.0059,"대한산업공학회 (NODE11894499, IF: 0.42)"
205,2024,산업공학,704569610,홍지훈,1,0.0025,0.0059,"대한산업공학회 (NODE11894499, IF: 0.42)"
206,2024,산업공학,244400949,윤주연,1,0.0025,0.0059,"대한산업공학회 (NODE11894499, IF: 0.42)"
207,2024,산업공학,768276774,고정흔,1,0.0025,0.0059,"대한산업공학회 (NODE11894499, IF: 0.42)"
208,2024,산업공학,912919258,김연중,1,0.0025,0.0059,"대한산업공학회 (NODE11894499, IF: 0.42)"
209,2024,산업공학,225463613,이지열,1,0.0025,0.0059,"대한산업공학회 (NODE11894499, IF: 0.42)"
210,2024,산업공학,591264363,반효동,1,0.0025,0.0059,"대한산업공학회 (NODE11894499, IF: 0.42)"
211,2024,산업공학,992496773,장찬우,1,0.0025,0.0059,"대한산업공학회 (NODE11894500, IF: 0.42)"
212,2024,산업공학,460885366,남윤호,1,0.0025,0.0059,"대한산업공학회 (NODE11894500, IF: 0.42)"
213,2024,산업공학,809106385,이현록,1,0.0025,0.0059,"대한산업공학회 (NODE11894500, IF: 0.42)"
214,2024,산업공학,355812109,장우석,1,0.0025,0.0059,"대한산업공학회 (NODE11894503, IF: 0.42)"
215,2024,산업공학,640219067,설현주,1,0.0025,0.0059,"대한산업공학회 (NODE11894503, IF: 0.42)"
216,2024,산업공학,198668307,박진환,1,0.0025,0.0059,"대한산업공학회 (NODE11940827, IF: 0.42)"
217,2024,산업공학,1700418,허재석,1,0.0025,0.0059,"대한산업공학회 (NODE11940827, IF: 0.42)"
218,2024,산업공학,355969615,권세훈,1,0.0025,0.0059,"대한산업공학회 (NODE11811991, IF: 0.42)"
219,2024,산업공학,759235194,홍준표,1,0.0025,0.0059,"대한산업공학회 (NODE11811999, IF: 0.42)"
220,2024,산업공학,5417041,이현수,1,0.0025,0.0059,"대한산업공학회 (NODE11811999, IF: 0.42)"
221,2024,산업공학,753397540,M. Can Konur,1,0.0025,0.0059,"대한산업공학회 (NODE11826445, IF: 0.42)"
222,2024,산업공학,781562789,Mehmet Bulent Durmusoglu,1,0.0025,0.0059,"대한산업공학회 (NODE11826445, IF: 0.42)"
223,2024,산업공학,520070846,도남철,1,0.0025,0.0059,"대한산업공학회 (NODE12007697, IF: 0.42)"
224,2024,산업공학,268366645,한효녕,1,0.0025,0.0059,"대한산업공학회 (NODE12007697, IF: 0.42)"
225,2024,산업공학,200856385,조준면,1,0.0025,0.0059,"대한산업공학회 (NODE12007697, IF: 0.42)"
226,2024,산업공학,930708117,Haifa Taha Abd,1,0.0025,0.0059,"대한산업공학회 (NODE11936027, IF: 0.42)"
227,2024,산업공학,755993925,Husam Abdulrazzak Rasheed,1,0.0025,0.0059,"대한산업공학회 (NODE11936027, IF: 0.42)"
228,2024,산업공학,127672771,Aseel Abdulrazzak Rasheed,1,0.0025,0.0059,"대한산업공학회 (NODE11936027, IF: 0.42)"
229,2024,산업공학,176871739,Thanyawan Chanpanit,1,0.0025,0.0059,"대한산업공학회 (NODE11936031, IF: 0.42)"
230,2024,산업공학,492328559,Chalermchai Chaitongrat,1,0.0025,0.0059,"대한산업공학회 (NODE11936031, IF: 0.42)"
231,2024,산업공학,567798616,"Fazila Munir, Nadia Saeed",1,0.0025,0.0059,"대한산업공학회 (NODE11943155, IF: 0.42)"
232,2024,산업공학,354693931,Moustafa Omar Ahmed Abu-Shawiesh,1,0.0025,0.0059,"대한산업공학회 (NODE11943155, IF: 0.42)"
233,2024,산업공학,596696,김종현,2,0.0024,0.0059,"대한인간공학회 (NODE11766989, IF: 0.4)
대한인간공학회 (NODE11725140, IF: 0.4)"
234,2024,산업공학,776508382,최경희,2,0.0024,0.0059,"대한인간공학회 (NODE11766990, IF: 0.4)
대한인간공학회 (NODE12038175, IF: 0.4)"
235,2024,산업공학,458327218,이재인,1,0.0024,0.0059,"대한인간공학회 (NODE11725135, IF: 0.4)"
236,2024,산업공학,410685103,류태범,1,0.0024,0.0059,"대한인간공학회 (NODE11725136, IF: 0.4)"
237,2024,산업공학,655572957,박재현,1,0.0024,0.0059,"대한인간공학회 (NODE11725136, IF: 0.4)"
238,2024,산업공학,376451622,김슬기,1,0.0024,0.0059,"대한인간공학회 (NODE12038173, IF: 0.4)"
239,2024,산업공학,794818234,최재근,1,0.0024,0.0059,"대한인간공학회 (NODE12038173, IF: 0.4)"
240,2024,산업공학,360984734,진상은,1,0.0024,0.0059,"대한인간공학회 (NODE12038173, IF: 0.4)"
241,2024,산업공학,913203999,고정배,1,0.0024,0.0059,"대한인간공학회 (NODE12038175, IF: 0.4)"
242,2024,산업공학,647450553,정덕영,1,0.0024,0.0059,"대한인간공학회 (NODE12038175, IF: 0.4)"
243,2024,산업공학,980859196,신혜리,1,0.0024,0.0059,"대한인간공학회 (NODE12038175, IF: 0.4)"
244,2024,산업공학,582847813,Jooyeon Ko,1,0.0024,0.0059,"대한인간공학회 (NODE12038176, IF: 0.4)"
245,2024,산업공학,566001661,Hyun Kyoon Lim,1,0.0024,0.0059,"대한인간공학회 (NODE12038176, IF: 0.4)"
246,2024,산업공학,966076642,최지원,1,0.0024,0.0059,"대한인간공학회 (NODE11937792, IF: 0.4)"
247,2024,산업공학,697675012,Satoshi Muraki,1,0.0024,0.0059,"대한인간공학회 (NODE11937792, IF: 0.4)"
248,2024,산업공학,951596988,Ping Yeap Loh,1,0.0024,0.0059,"대한인간공학회 (NODE11937792, IF: 0.4)"
249,2024,산업공학,836625578,임진호,5,0.0,0.0,"대한인간공학회 (NODE11894568, IF: 0.4)
대한인간공학회 (NODE11725141, IF: 0.4)
대한인간공학회 (NODE12038177, IF: 0.4)
대한인간공학회 (NODE12038178, IF: 0.4)
대한인간공학회 (NODE12038180, IF: 0.4)"
250,2024,산업공학,908621022,윤병운,5,0.0,0.0,"대한산업공학회 (NODE11723312, IF: 0.42)
대한산업공학회 (NODE11723315, IF: 0.42)
대한산업공학회 (NODE12007693, IF: 0.42)
대한산업공학회 (NODE12007703, IF: 0.42)
대한산업공학회 (NODE11751380, IF: 0.42)"
251,2024,산업공학,775186653,박재훈,3,0.0,0.0,"한국신뢰성학회 (NODE11819259, IF: 0.61)
한국신뢰성학회 (NODE12008924, IF: 0.61)
한국신뢰성학회 (NODE11741972, IF: 0.61)"
252,2024,산업공학,699946319,이철웅,3,0.0,0.0,"한국SCM학회 (NODE11800057, IF: 0.43)
한국SCM학회 (NODE11970291, IF: 0.43)
한국SCM학회 (NODE11970296, IF: 0.43)"
253,2024,산업공학,190087205,최동현,3,0.0,0.0,"한국SCM학회 (NODE11800061, IF: 0.43)
한국SCM학회 (NODE11970293, IF: 0.43)
한국SCM학회 (NODE12038169, IF: 0.43)"
254,2024,산업공학,440262292,임재학,3,0.0,0.0,"한국신뢰성학회 (NODE12008925, IF: 0.61)
한국신뢰성학회 (NODE11741971, IF: 0.61)
한국신뢰성학회 (NODE11741972, IF: 0.61)"
255,2024,산업공학,211305892,김경도,3,0.0,0.0,"대한산업공학회 (NODE11743350, IF: 0.42)
대한인간공학회 (NODE11937789, IF: 0.4)
대한인간공학회 (NODE11937791, IF: 0.4)"
256,2024,산업공학,774104292,전은진,2,0.0,0.0,"대한인간공학회 (NODE11894563, IF: 0.4)
대한인간공학회 (NODE11987957, IF: 0.4)"
257,2024,산업공학,915051749,이아람,2,0.0,0.0,"대한인간공학회 (NODE11894563, IF: 0.4)
대한인간공학회 (NODE11987957, IF: 0.4)"
258,2024,산업공학,320716849,유희천,2,0.0,0.0,"대한인간공학회 (NODE11894563, IF: 0.4)
대한인간공학회 (NODE11987957, IF: 0.4)"
259,2024,산업공학,533536684,정은지,2,0.0,0.0,"대한인간공학회 (NODE11894568, IF: 0.4)
대한인간공학회 (NODE11725141, IF: 0.4)"
260,2024,산업공학,553987815,복정욱,2,0.0,0.0,"대한인간공학회 (NODE11894568, IF: 0.4)
대한인간공학회 (NODE12038180, IF: 0.4)"
261,2024,산업공학,834152353,김의준,2,0.0,0.0,"한국신뢰성학회 (NODE11819257, IF: 0.61)
한국신뢰성학회 (NODE11741971, IF: 0.61)"
262,2024,산업공학,746916117,신용혁,2,0.0,0.0,"한국SCM학회 (NODE11800057, IF: 0.43)
한국SCM학회 (NODE11970291, IF: 0.43)"
263,2024,산업공학,634136427,신광섭,2,0.0,0.0,"한국SCM학회 (NODE11800064, IF: 0.43)
한국SCM학회 (NODE12038165, IF: 0.43)"
264,2024,산업공학,617234996,공용구,2,0.0,0.0,"대한인간공학회 (NODE11766990, IF: 0.4)
대한산업공학회 (NODE12007692, IF: 0.42)"
265,2024,산업공학,768017022,최형석,2,0.0,0.0,"한국신뢰성학회 (NODE11931587, IF: 0.61)
한국신뢰성학회 (NODE12008920, IF: 0.61)"
266,2024,산업공학,631383024,이서현,2,0.0,0.0,"한국신뢰성학회 (NODE12008925, IF: 0.61)
한국신뢰성학회 (NODE11741971, IF: 0.61)"
267,2024,산업공학,323686677,이재원,2,0.0,0.0,"한국신뢰성학회 (NODE12008925, IF: 0.61)
한국신뢰성학회 (NODE11741971, IF: 0.61)"
268,2024,산업공학,244561392,김상호,2,0.0,0.0,"대한인간공학회 (NODE11725138, IF: 0.4)
대한산업공학회 (NODE12007692, IF: 0.42)"
269,2024,산업공학,499900370,육현지,2,0.0,0.0,"대한인간공학회 (NODE11725141, IF: 0.4)
대한인간공학회 (NODE12038178, IF: 0.4)"
270,2024,산업공학,680052433,이경태,2,0.0,0.0,"대한인간공학회 (NODE11725143, IF: 0.4)
대한인간공학회 (NODE11987955, IF: 0.4)"
271,2024,산업공학,904350711,이예진,2,0.0,0.0,"대한인간공학회 (NODE11725144, IF: 0.4)
대한인간공학회 (NODE12038181, IF: 0.4)"
272,2024,산업공학,418607748,정광태,2,0.0,0.0,"대한인간공학회 (NODE11725144, IF: 0.4)
대한인간공학회 (NODE12038181, IF: 0.4)"
273,2024,산업공학,458746286,이용진,2,0.0,0.0,"한국SCM학회 (NODE11970291, IF: 0.43)
한국SCM학회 (NODE11970296, IF: 0.43)"
274,2024,산업공학,735434778,나진성,2,0.0,0.0,"한국SCM학회 (NODE11970294, IF: 0.43)
한국SCM학회 (NODE12038168, IF: 0.43)"
275,2024,산업공학,583887057,Chaimaa El Aissoug,2,0.0,0.0,"한국SCM학회 (NODE11970295, IF: 0.43)
한국SCM학회 (NODE12038169, IF: 0.43)"
276,2024,산업공학,864288601,Thai Young Kim,2,0.0,0.0,"한국SCM학회 (NODE11970295, IF: 0.43)
한국SCM학회 (NODE12038169, IF: 0.43)"
277,2024,산업공학,363126406,홍순도,2,0.0,0.0,"한국SCM학회 (NODE12038166, IF: 0.43)
한국SCM학회 (NODE12038167, IF: 0.43)"
278,2024,산업공학,2015129,차민철,2,0.0,0.0,"대한인간공학회 (NODE12038179, IF: 0.4)
대한인간공학회 (NODE11937788, IF: 0.4)"
279,2024,산업공학,5173806,지용구,2,0.0,0.0,"대한인간공학회 (NODE12038179, IF: 0.4)
대한인간공학회 (NODE11937788, IF: 0.4)"
280,2024,산업공학,1289814,김효창,2,0.0,0.0,"대한인간공학회 (NODE12038179, IF: 0.4)
대한인간공학회 (NODE11937790, IF: 0.4)"
281,2024,산업공학,5401677,박현종,2,0.0,0.0,"한국신뢰성학회 (NODE11741972, IF: 0.61)
한국신뢰성학회 (NODE11741978, IF: 0.61)"
282,2024,산업공학,801102541,성시일,2,0.0,0.0,"한국신뢰성학회 (NODE11741972, IF: 0.61)
한국신뢰성학회 (NODE11741978, IF: 0.61)"
283,2024,산업공학,590920406,윤명환,2,0.0,0.0,"대한산업공학회 (NODE11743361, IF: 0.42)
대한산업공학회 (NODE12007692, IF: 0.42)"
284,2024,산업공학,719874062,형준호,2,0.0,0.0,"대한인간공학회 (NODE11987952, IF: 0.4)
대한인간공학회 (NODE11987952, IF: 0.4)"
285,2024,산업공학,557179926,이학연,2,0.0,0.0,"대한산업공학회 (NODE12007698, IF: 0.42)
대한산업공학회 (NODE11751385, IF: 0.42)"
286,2024,산업공학,730889935,Sang Yup Lee,2,0.0,0.0,"한국지능정보시스템학회 (NODE11936010, IF: 1.76)
한국지능정보시스템학회 (NODE11936013, IF: 1.76)"
287,2024,산업공학,381409915,Jeong Hyeok Lim,2,0.0,0.0,"대한산업공학회 (NODE12014507, IF: 0.42)
대한산업공학회 (NODE12014510, IF: 0.42)"
288,2024,산업공학,728443073,구평회,1,0.0,0.0,"대한산업공학회 (NODE11894498, IF: 0.42)"
289,2024,산업공학,781558135,백정우,1,0.0,0.0,"대한산업공학회 (NODE11894509, IF: 0.42)"
290,2024,산업공학,230651127,이성호,1,0.0,0.0,"대한인간공학회 (NODE11894565, IF: 0.4)"
291,2024,산업공학,609115837,유승훈,1,0.0,0.0,"대한인간공학회 (NODE11894565, IF: 0.4)"
292,2024,산업공학,665942802,김동수,1,0.0,0.0,"대한인간공학회 (NODE11894565, IF: 0.4)"
293,2024,산업공학,380398660,이용균,1,0.0,0.0,"대한인간공학회 (NODE11894565, IF: 0.4)"
294,2024,산업공학,556335309,하지연,1,0.0,0.0,"대한인간공학회 (NODE11894566, IF: 0.4)"
295,2024,산업공학,254467578,채우리,1,0.0,0.0,"대한인간공학회 (NODE11894566, IF: 0.4)"
296,2024,산업공학,535354301,이진원,1,0.0,0.0,"대한인간공학회 (NODE11894566, IF: 0.4)"
297,2024,산업공학,584901439,황재진,1,0.0,0.0,"대한인간공학회 (NODE11894566, IF: 0.4)"
298,2024,산업공학,171969191,이경선,1,0.0,0.0,"대한인간공학회 (NODE11894566, IF: 0.4)"
299,2024,산업공학,528613064,김상갑,1,0.0,0.0,"한국신뢰성학회 (NODE11819257, IF: 0.61)"
300,2024,산업공학,608288938,정새미,1,0.0,0.0,"한국신뢰성학회 (NODE11819257, IF: 0.61)"
301,2024,산업공학,911050823,임정묵,1,0.0,0.0,"한국신뢰성학회 (NODE11819257, IF: 0.61)"
302,2024,산업공학,233838239,최민우,1,0.0,0.0,"한국신뢰성학회 (NODE11819258, IF: 0.61)"
303,2024,산업공학,391166163,이용복,1,0.0,0.0,"한국신뢰성학회 (NODE11819258, IF: 0.61)"
304,2024,산업공학,344531188,김민영,1,0.0,0.0,"한국신뢰성학회 (NODE11819259, IF: 0.61)"
305,2024,산업공학,356516489,김지원,1,0.0,0.0,"한국신뢰성학회 (NODE11819260, IF: 0.61)"
306,2024,산업공학,836652707,이창규,1,0.0,0.0,"한국신뢰성학회 (NODE11819260, IF: 0.61)"
307,2024,산업공학,143701699,김수주,1,0.0,0.0,"한국신뢰성학회 (NODE11819260, IF: 0.61)"
308,2024,산업공학,216429653,신재식,1,0.0,0.0,"한국신뢰성학회 (NODE11819260, IF: 0.61)"
309,2024,산업공학,268263588,김상성,1,0.0,0.0,"한국신뢰성학회 (NODE11819265, IF: 0.61)"
310,2024,산업공학,197919753,이상천,1,0.0,0.0,"한국신뢰성학회 (NODE11819265, IF: 0.61)"
311,2024,산업공학,641578771,박종훈,1,0.0,0.0,"한국신뢰성학회 (NODE11819265, IF: 0.61)"
312,2024,산업공학,723229603,고병은,1,0.0,0.0,"대한산업공학회 (NODE11723314, IF: 0.42)"
313,2024,산업공학,146829471,이기은,1,0.0,0.0,"대한산업공학회 (NODE11723315, IF: 0.42)"
314,2024,산업공학,114297388,김민지,1,0.0,0.0,"대한산업공학회 (NODE11723315, IF: 0.42)"
315,2024,산업공학,991764535,김선진,1,0.0,0.0,"대한산업공학회 (NODE11723321, IF: 0.42)"
316,2024,산업공학,174598841,조용주,1,0.0,0.0,"대한산업공학회 (NODE11723321, IF: 0.42)"
317,2024,산업공학,125601326,김준환,1,0.0,0.0,"대한산업공학회 (NODE11723321, IF: 0.42)"
318,2024,산업공학,995571920,김동우,1,0.0,0.0,"대한산업공학회 (NODE11723321, IF: 0.42)"
319,2024,산업공학,382637452,강경환,1,0.0,0.0,"대한산업공학회 (NODE11723321, IF: 0.42)"
320,2024,산업공학,581285101,송승규,1,0.0,0.0,"대한산업공학회 (NODE11940826, IF: 0.42)"
321,2024,산업공학,625684377,천다호,1,0.0,0.0,"대한산업공학회 (NODE11940826, IF: 0.42)"
322,2024,산업공학,755660339,민승기,1,0.0,0.0,"대한산업공학회 (NODE11940826, IF: 0.42)"
323,2024,산업공학,638913379,최준원,1,0.0,0.0,"대한산업공학회 (NODE11940828, IF: 0.42)"
324,2024,산업공학,577629235,배정빈,1,0.0,0.0,"대한산업공학회 (NODE11940828, IF: 0.42)"
325,2024,산업공학,885672617,이순근,1,0.0,0.0,"대한산업공학회 (NODE11940828, IF: 0.42)"
326,2024,산업공학,766472777,김정진,1,0.0,0.0,"대한산업공학회 (NODE11940828, IF: 0.42)"
327,2024,산업공학,680245094,주혜진,1,0.0,0.0,"대한산업공학회 (NODE11940833, IF: 0.42)"
328,2024,산업공학,730104779,윤병운,1,0.0,0.0,"대한산업공학회 (NODE11940823, IF: 0.42)"
329,2024,산업공학,775730560,최영란,1,0.0,0.0,"대한산업공학회 (NODE11811992, IF: 0.42)"
330,2024,산업공학,605364478,이슬비,1,0.0,0.0,"대한산업공학회 (NODE11811992, IF: 0.42)"
331,2024,산업공학,264773666,오명준,1,0.0,0.0,"대한산업공학회 (NODE11811992, IF: 0.42)"
332,2024,산업공학,431856416,Xuebin Li,1,0.0,0.0,"대한산업공학회 (NODE11811993, IF: 0.42)"
333,2024,산업공학,638050420,Hyeon-Il Kim,1,0.0,0.0,"대한산업공학회 (NODE11811993, IF: 0.42)"
334,2024,산업공학,450212313,Dong-Ho Lee,1,0.0,0.0,"대한산업공학회 (NODE11811993, IF: 0.42)"
335,2024,산업공학,835267651,백민재,1,0.0,0.0,"대한산업공학회 (NODE11811995, IF: 0.42)"
336,2024,산업공학,904944890,Irena Yosephine,1,0.0,0.0,"한국SCM학회 (NODE11800057, IF: 0.43)"
337,2024,산업공학,728255805,김은갑,1,0.0,0.0,"한국SCM학회 (NODE11800058, IF: 0.43)"
338,2024,산업공학,858575102,조형래,1,0.0,0.0,"한국SCM학회 (NODE11800059, IF: 0.43)"
339,2024,산업공학,317422683,이민호,1,0.0,0.0,"한국SCM학회 (NODE11800059, IF: 0.43)"
340,2024,산업공학,369888992,최강화,1,0.0,0.0,"한국SCM학회 (NODE11800060, IF: 0.43)"
341,2024,산업공학,838683511,신지우,1,0.0,0.0,"한국SCM학회 (NODE11800061, IF: 0.43)"
342,2024,산업공학,625804161,김정연,1,0.0,0.0,"한국SCM학회 (NODE11800063, IF: 0.43)"
343,2024,산업공학,500832138,서용원,1,0.0,0.0,"한국SCM학회 (NODE11800063, IF: 0.43)"
344,2024,산업공학,922904104,이강현,1,0.0,0.0,"한국SCM학회 (NODE11800064, IF: 0.43)"
345,2024,산업공학,685306154,김순범,1,0.0,0.0,"대한인간공학회 (NODE11766987, IF: 0.4)"
346,2024,산업공학,396308217,강동헌,1,0.0,0.0,"대한인간공학회 (NODE11766987, IF: 0.4)"
347,2024,산업공학,5089681,박지영,1,0.0,0.0,"대한인간공학회 (NODE11766987, IF: 0.4)"
348,2024,산업공학,986399585,황수진,1,0.0,0.0,"대한인간공학회 (NODE11766988, IF: 0.4)"
349,2024,산업공학,610407690,서영,1,0.0,0.0,"대한인간공학회 (NODE11766988, IF: 0.4)"
350,2024,산업공학,544080592,정하나,1,0.0,0.0,"대한인간공학회 (NODE11766988, IF: 0.4)"
351,2024,산업공학,128157194,박세진,1,0.0,0.0,"대한인간공학회 (NODE11766988, IF: 0.4)"
352,2024,산업공학,630030403,홍승희,1,0.0,0.0,"대한인간공학회 (NODE11766988, IF: 0.4)"
353,2024,산업공학,505025765,우은경,1,0.0,0.0,"대한인간공학회 (NODE11766989, IF: 0.4)"
354,2024,산업공학,702944359,이창기,1,0.0,0.0,"대한인간공학회 (NODE11766989, IF: 0.4)"
355,2024,산업공학,3983969,금현지,1,0.0,0.0,"대한인간공학회 (NODE11766990, IF: 0.4)"
356,2024,산업공학,918217255,손승재,1,0.0,0.0,"대한인간공학회 (NODE11766990, IF: 0.4)"
357,2024,산업공학,687044114,이도경,1,0.0,0.0,"대한인간공학회 (NODE11766990, IF: 0.4)"
358,2024,산업공학,118163202,양현석,1,0.0,0.0,"대한인간공학회 (NODE11766990, IF: 0.4)"
359,2024,산업공학,238610930,심현호,1,0.0,0.0,"대한인간공학회 (NODE11766990, IF: 0.4)"
360,2024,산업공학,4580269,황혜원,1,0.0,0.0,"대한산업공학회 (NODE11940824, IF: 0.42)"
361,2024,산업공학,332419656,전정환,1,0.0,0.0,"대한산업공학회 (NODE11940824, IF: 0.42)"
362,2024,산업공학,916379598,이아영,1,0.0,0.0,"한국신뢰성학회 (NODE11931583, IF: 0.61)"
363,2024,산업공학,266700111,조성규,1,0.0,0.0,"한국신뢰성학회 (NODE11931583, IF: 0.61)"
364,2024,산업공학,464819466,주형건,1,0.0,0.0,"한국신뢰성학회 (NODE11931583, IF: 0.61)"
365,2024,산업공학,595204753,윤동현,1,0.0,0.0,"한국신뢰성학회 (NODE11931583, IF: 0.61)"
366,2024,산업공학,807168428,신상용,1,0.0,0.0,"한국신뢰성학회 (NODE11931583, IF: 0.61)"
367,2024,산업공학,4834803,장재원,1,0.0,0.0,"한국신뢰성학회 (NODE11931586, IF: 0.61)"
368,2024,산업공학,753088785,김무영,1,0.0,0.0,"한국신뢰성학회 (NODE11931586, IF: 0.61)"
369,2024,산업공학,842932154,우은희,1,0.0,0.0,"한국신뢰성학회 (NODE11931586, IF: 0.61)"
370,2024,산업공학,352480394,이영훈,1,0.0,0.0,"한국신뢰성학회 (NODE11931586, IF: 0.61)"
371,2024,산업공학,824663884,정주현,1,0.0,0.0,"한국신뢰성학회 (NODE11931586, IF: 0.61)"
372,2024,산업공학,278959466,김재황,1,0.0,0.0,"한국신뢰성학회 (NODE11931586, IF: 0.61)"
373,2024,산업공학,809898072,김유래,1,0.0,0.0,"한국신뢰성학회 (NODE11931586, IF: 0.61)"
374,2024,산업공학,834078389,이은서,1,0.0,0.0,"한국신뢰성학회 (NODE11931586, IF: 0.61)"
375,2024,산업공학,1069336,정천수,1,0.0,0.0,"한국지능정보시스템학회 (NODE11770716, IF: 1.76)"
376,2024,산업공학,588204197,노재확,1,0.0,0.0,"한국지능정보시스템학회 (NODE11770721, IF: 1.76)"
377,2024,산업공학,140454922,Mulomba Mukendi Christian,1,0.0,0.0,"한국지능정보시스템학회 (NODE11770722, IF: 1.76)"
378,2024,산업공학,669931245,Yun Seon Kim,1,0.0,0.0,"한국지능정보시스템학회 (NODE11770722, IF: 1.76)"
379,2024,산업공학,256592443,최혜봉,1,0.0,0.0,"한국지능정보시스템학회 (NODE11770722, IF: 1.76)"
380,2024,산업공학,468669006,성행남,1,0.0,0.0,"한국지능정보시스템학회 (NODE11770727, IF: 1.76)"
381,2024,산업공학,388365890,신재익,1,0.0,0.0,"한국지능정보시스템학회 (NODE11770727, IF: 1.76)"
382,2024,산업공학,588408384,Joohyun Kim,1,0.0,0.0,"한국신뢰성학회 (NODE12008915, IF: 0.61)"
383,2024,산업공학,557539121,B.S. Reddy,1,0.0,0.0,"한국신뢰성학회 (NODE12008915, IF: 0.61)"
384,2024,산업공학,636095126,Youna Choi,1,0.0,0.0,"한국신뢰성학회 (NODE12008915, IF: 0.61)"
385,2024,산업공학,471734054,Hojun Na,1,0.0,0.0,"한국신뢰성학회 (NODE12008915, IF: 0.61)"
386,2024,산업공학,438009545,Kwonkoo Cho,1,0.0,0.0,"한국신뢰성학회 (NODE12008915, IF: 0.61)"
387,2024,산업공학,836155237,문홍기,1,0.0,0.0,"한국신뢰성학회 (NODE12008916, IF: 0.61)"
388,2024,산업공학,530235030,정진호,1,0.0,0.0,"한국신뢰성학회 (NODE12008916, IF: 0.61)"
389,2024,산업공학,205770821,정유미,1,0.0,0.0,"한국신뢰성학회 (NODE12008916, IF: 0.61)"
390,2024,산업공학,523387407,조영준,1,0.0,0.0,"한국신뢰성학회 (NODE12008916, IF: 0.61)"
391,2024,산업공학,587907669,박진모,1,0.0,0.0,"한국신뢰성학회 (NODE12008916, IF: 0.61)"
392,2024,산업공학,945384957,이근희,1,0.0,0.0,"한국신뢰성학회 (NODE12008916, IF: 0.61)"
393,2024,산업공학,554732940,김도형,1,0.0,0.0,"한국신뢰성학회 (NODE12008916, IF: 0.61)"
394,2024,산업공학,459832217,오봉식,1,0.0,0.0,"한국신뢰성학회 (NODE12008918, IF: 0.61)"
395,2024,산업공학,153324977,김기홍,1,0.0,0.0,"한국신뢰성학회 (NODE12008918, IF: 0.61)"
396,2024,산업공학,559881977,이동철,1,0.0,0.0,"한국신뢰성학회 (NODE12008918, IF: 0.61)"
397,2024,산업공학,516480541,이정철,1,0.0,0.0,"한국신뢰성학회 (NODE12008918, IF: 0.61)"
398,2024,산업공학,992315426,서금석,1,0.0,0.0,"한국신뢰성학회 (NODE12008918, IF: 0.61)"
399,2024,산업공학,682412488,박규형,1,0.0,0.0,"한국신뢰성학회 (NODE12008919, IF: 0.61)"
400,2024,산업공학,114285344,구본흔,1,0.0,0.0,"한국신뢰성학회 (NODE12008919, IF: 0.61)"
401,2024,산업공학,750080281,허석환,1,0.0,0.0,"한국신뢰성학회 (NODE12008919, IF: 0.61)"
402,2024,산업공학,102827747,이충성,1,0.0,0.0,"한국신뢰성학회 (NODE12008921, IF: 0.61)"
403,2024,산업공학,331266726,임신열,1,0.0,0.0,"한국신뢰성학회 (NODE12008921, IF: 0.61)"
404,2024,산업공학,888241319,백동천,1,0.0,0.0,"한국신뢰성학회 (NODE12008921, IF: 0.61)"
405,2024,산업공학,141146287,마민지,1,0.0,0.0,"한국신뢰성학회 (NODE12008924, IF: 0.61)"
406,2024,산업공학,981704624,구혜영,1,0.0,0.0,"한국신뢰성학회 (NODE12008924, IF: 0.61)"
407,2024,산업공학,818666744,민승남,1,0.0,0.0,"대한인간공학회 (NODE11725137, IF: 0.4)"
408,2024,산업공학,5090648,김범수,1,0.0,0.0,"대한인간공학회 (NODE11725138, IF: 0.4)"
409,2024,산업공학,546191574,Alivia Kirana Hartono Putri,1,0.0,0.0,"대한인간공학회 (NODE11725138, IF: 0.4)"
410,2024,산업공학,406712131,Krishna Sahithi Karur,1,0.0,0.0,"대한인간공학회 (NODE11725138, IF: 0.4)"
411,2024,산업공학,697393063,최근령,1,0.0,0.0,"대한인간공학회 (NODE11725138, IF: 0.4)"
412,2024,산업공학,638293165,강경희,1,0.0,0.0,"대한인간공학회 (NODE11725141, IF: 0.4)"
413,2024,산업공학,569312622,최병천,1,0.0,0.0,"한국SCM학회 (NODE11970292, IF: 0.43)"
414,2024,산업공학,703177167,정지복,1,0.0,0.0,"한국SCM학회 (NODE11970292, IF: 0.43)"
415,2024,산업공학,217570054,신지우,1,0.0,0.0,"한국SCM학회 (NODE11970293, IF: 0.43)"
416,2024,산업공학,685454506,이진명,1,0.0,0.0,"한국SCM학회 (NODE11970296, IF: 0.43)"
417,2024,산업공학,452756714,야오즈옌,1,0.0,0.0,"한국지능정보시스템학회 (NODE12015517, IF: 1.76)"
418,2024,산업공학,637747368,이기헌,1,0.0,0.0,"한국지능정보시스템학회 (NODE12015520, IF: 1.76)"
419,2024,산업공학,355670744,황다휘,1,0.0,0.0,"한국지능정보시스템학회 (NODE12015521, IF: 1.76)"
420,2024,산업공학,418314629,Sunwoo Emma Cho,1,0.0,0.0,"한국지능정보시스템학회 (NODE12015522, IF: 1.76)"
421,2024,산업공학,493293526,Jiyoon Son,1,0.0,0.0,"한국지능정보시스템학회 (NODE12015522, IF: 1.76)"
422,2024,산업공학,230795871,Jaehwan Lee,1,0.0,0.0,"한국지능정보시스템학회 (NODE12015522, IF: 1.76)"
423,2024,산업공학,642507360,서지혜,1,0.0,0.0,"한국지능정보시스템학회 (NODE12015522, IF: 1.76)"
424,2024,산업공학,619161405,김준호,1,0.0,0.0,"한국지능정보시스템학회 (NODE12015529, IF: 1.76)"
425,2024,산업공학,649031116,김은정,1,0.0,0.0,"한국지능정보시스템학회 (NODE12015529, IF: 1.76)"
426,2024,산업공학,130317173,조아라,1,0.0,0.0,"한국지능정보시스템학회 (NODE12015529, IF: 1.76)"
427,2024,산업공학,864834599,이주민,1,0.0,0.0,"한국지능정보시스템학회 (NODE12015530, IF: 1.76)"
428,2024,산업공학,657309852,장미라,1,0.0,0.0,"한국지능정보시스템학회 (NODE12015530, IF: 1.76)"
429,2024,산업공학,604005820,서현주,1,0.0,0.0,"한국지능정보시스템학회 (NODE12015530, IF: 1.76)"
430,2024,산업공학,544807788,김주희,1,0.0,0.0,"한국지능정보시스템학회 (NODE12015531, IF: 1.76)"
431,2024,산업공학,675668624,김태진,1,0.0,0.0,"한국지능정보시스템학회 (NODE12015531, IF: 1.76)"
432,2024,산업공학,920798234,박영진,1,0.0,0.0,"한국지능정보시스템학회 (NODE12015531, IF: 1.76)"
433,2024,산업공학,353219194,김범수,1,0.0,0.0,"한국SCM학회 (NODE12038165, IF: 0.43)"
434,2024,산업공학,119323202,이강현,1,0.0,0.0,"한국SCM학회 (NODE12038165, IF: 0.43)"
435,2024,산업공학,5197251,방선호,1,0.0,0.0,"한국SCM학회 (NODE12038165, IF: 0.43)"
436,2024,산업공학,977177810,최지혜,1,0.0,0.0,"한국SCM학회 (NODE12038166, IF: 0.43)"
437,2024,산업공학,953270924,이지수,1,0.0,0.0,"한국SCM학회 (NODE12038166, IF: 0.43)"
438,2024,산업공학,143289845,강봉권,1,0.0,0.0,"한국SCM학회 (NODE12038166, IF: 0.43)"
439,2024,산업공학,377014227,Thao Huong Tran-Vo,1,0.0,0.0,"한국SCM학회 (NODE12038167, IF: 0.43)"
440,2024,산업공학,690826356,Bosung Kim,1,0.0,0.0,"한국SCM학회 (NODE12038167, IF: 0.43)"
441,2024,산업공학,876505806,Sang-Gyun Kang,1,0.0,0.0,"한국SCM학회 (NODE12038169, IF: 0.43)"
442,2024,산업공학,806771454,Xueqin Wang,1,0.0,0.0,"한국SCM학회 (NODE12038169, IF: 0.43)"
443,2024,산업공학,514992469,이양요가,1,0.0,0.0,"한국SCM학회 (NODE12038170, IF: 0.43)"
444,2024,산업공학,374111850,라월,1,0.0,0.0,"한국SCM학회 (NODE12038170, IF: 0.43)"
445,2024,산업공학,911113985,임성묵,1,0.0,0.0,"한국SCM학회 (NODE12038170, IF: 0.43)"
446,2024,산업공학,203567917,Yoon Kyung Lee,1,0.0,0.0,"대한인간공학회 (NODE12038174, IF: 0.4)"
447,2024,산업공학,484603013,Yong-Ha Park,1,0.0,0.0,"대한인간공학회 (NODE12038174, IF: 0.4)"
448,2024,산업공학,771028689,한소원,1,0.0,0.0,"대한인간공학회 (NODE12038174, IF: 0.4)"
449,2024,산업공학,299031398,권경우,1,0.0,0.0,"대한인간공학회 (NODE12038177, IF: 0.4)"
450,2024,산업공학,245215687,문재승,1,0.0,0.0,"대한인간공학회 (NODE12038179, IF: 0.4)"
451,2024,산업공학,101179834,황수인,1,0.0,0.0,"대한인간공학회 (NODE12038181, IF: 0.4)"
452,2024,산업공학,720933339,김경란,1,0.0,0.0,"대한인간공학회 (NODE12038182, IF: 0.4)"
453,2024,산업공학,307455606,노재승,1,0.0,0.0,"대한인간공학회 (NODE12038182, IF: 0.4)"
454,2024,산업공학,280359312,박종완,1,0.0,0.0,"한국신뢰성학회 (NODE11741970, IF: 0.61)"
455,2024,산업공학,308616290,정희태,1,0.0,0.0,"한국신뢰성학회 (NODE11741970, IF: 0.61)"
456,2024,산업공학,846760132,강정호,1,0.0,0.0,"한국신뢰성학회 (NODE11741973, IF: 0.61)"
457,2024,산업공학,917833026,최주영,1,0.0,0.0,"한국신뢰성학회 (NODE11741978, IF: 0.61)"
458,2024,산업공학,606949074,강경준,1,0.0,0.0,"한국신뢰성학회 (NODE11741978, IF: 0.61)"
459,2024,산업공학,142523807,이원우,1,0.0,0.0,"한국신뢰성학회 (NODE11741978, IF: 0.61)"
460,2024,산업공학,334781110,윤찬훈,1,0.0,0.0,"한국신뢰성학회 (NODE11741978, IF: 0.61)"
461,2024,산업공학,573152494,홍춘기,1,0.0,0.0,"한국신뢰성학회 (NODE11741978, IF: 0.61)"
462,2024,산업공학,123013360,박정원,1,0.0,0.0,"한국신뢰성학회 (NODE11741978, IF: 0.61)"
463,2024,산업공학,329408280,이현석,1,0.0,0.0,"한국신뢰성학회 (NODE11741979, IF: 0.61)"
464,2024,산업공학,685533335,이두열,1,0.0,0.0,"한국신뢰성학회 (NODE11741979, IF: 0.61)"
465,2024,산업공학,167455146,김예준,1,0.0,0.0,"한국신뢰성학회 (NODE11741980, IF: 0.61)"
466,2024,산업공학,449623878,김용수,1,0.0,0.0,"한국신뢰성학회 (NODE11741980, IF: 0.61)"
467,2024,산업공학,882308378,박수연,1,0.0,0.0,"한국신뢰성학회 (NODE11741981, IF: 0.61)"
468,2024,산업공학,647329504,허장욱,1,0.0,0.0,"한국신뢰성학회 (NODE11741981, IF: 0.61)"
469,2024,산업공학,880469788,이인석,1,0.0,0.0,"대한산업공학회 (NODE11743350, IF: 0.42)"
470,2024,산업공학,887687069,Taezoon Park,1,0.0,0.0,"대한산업공학회 (NODE11743350, IF: 0.42)"
471,2024,산업공학,125273905,Shalemu Sharew Hailemariam,1,0.0,0.0,"대한산업공학회 (NODE11743351, IF: 0.42)"
472,2024,산업공학,198169350,Firaol Tadese Gonfa,1,0.0,0.0,"대한산업공학회 (NODE11743351, IF: 0.42)"
473,2024,산업공학,453050462,Xin Zhou,1,0.0,0.0,"대한산업공학회 (NODE11743353, IF: 0.42)"
474,2024,산업공학,849117527,Keisuke Nagasawa,1,0.0,0.0,"대한산업공학회 (NODE11743353, IF: 0.42)"
475,2024,산업공학,434392064,Katsumi Morikawa,1,0.0,0.0,"대한산업공학회 (NODE11743353, IF: 0.42)"
476,2024,산업공학,448290650,Katsuhiko Takahashi,1,0.0,0.0,"대한산업공학회 (NODE11743353, IF: 0.42)"
477,2024,산업공학,915592380,Daisuke Hirotani,1,0.0,0.0,"대한산업공학회 (NODE11743353, IF: 0.42)"
478,2024,산업공학,129687861,Nurul Izzah Abd Rahman,1,0.0,0.0,"대한산업공학회 (NODE11743354, IF: 0.42)"
479,2024,산업공학,951027226,Siti Zawiah Md Dawal,1,0.0,0.0,"대한산업공학회 (NODE11743354, IF: 0.42)"
480,2024,산업공학,704356141,Nukman Yusoff,1,0.0,0.0,"대한산업공학회 (NODE11743354, IF: 0.42)"
481,2024,산업공학,468815585,Nurshatira Khamarollah,1,0.0,0.0,"대한산업공학회 (NODE11743355, IF: 0.42)"
482,2024,산업공학,617130429,Nurul Ainun Hamzah,1,0.0,0.0,"대한산업공학회 (NODE11743355, IF: 0.42)"
483,2024,산업공학,876177319,Syamimi Abd Rahman,1,0.0,0.0,"대한산업공학회 (NODE11743355, IF: 0.42)"
484,2024,산업공학,834212331,Khairilmizal Samsudin,1,0.0,0.0,"대한산업공학회 (NODE11743355, IF: 0.42)"
485,2024,산업공학,102434943,Nurul Izzah Abdul Samad,1,0.0,0.0,"대한산업공학회 (NODE11743355, IF: 0.42)"
486,2024,산업공학,688415962,Ahmad Shah Hizam Md Yasir,1,0.0,0.0,"대한산업공학회 (NODE11743355, IF: 0.42)"
487,2024,산업공학,686221768,Shamsul Bahri Mohd Tamrin,1,0.0,0.0,"대한산업공학회 (NODE11743355, IF: 0.42)"
488,2024,산업공학,460171444,Mirta Widia,1,0.0,0.0,"대한산업공학회 (NODE11743358, IF: 0.42)"
489,2024,산업공학,256147184,Lim Shu Chin,1,0.0,0.0,"대한산업공학회 (NODE11743358, IF: 0.42)"
490,2024,산업공학,915154965,Ezrin Hani Sukadarin,1,0.0,0.0,"대한산업공학회 (NODE11743358, IF: 0.42)"
491,2024,산업공학,367436984,Nazlin Hanie Abdullah,1,0.0,0.0,"대한산업공학회 (NODE11743358, IF: 0.42)"
492,2024,산업공학,657344926,Zayyinul Hayati Zen,1,0.0,0.0,"대한산업공학회 (NODE11743358, IF: 0.42)"
493,2024,산업공학,559773282,Edwin Yap,1,0.0,0.0,"대한산업공학회 (NODE11743359, IF: 0.42)"
494,2024,산업공학,780153691,Chi Woo Han,1,0.0,0.0,"대한산업공학회 (NODE11743360, IF: 0.42)"
495,2024,산업공학,743166573,Ga Won Byeon,1,0.0,0.0,"대한산업공학회 (NODE11743360, IF: 0.42)"
496,2024,산업공학,507558187,Lin Wang,1,0.0,0.0,"대한산업공학회 (NODE11743360, IF: 0.42)"
497,2024,산업공학,659201849,Haiying Wang,1,0.0,0.0,"대한산업공학회 (NODE11743360, IF: 0.42)"
498,2024,산업공학,348775516,Minah Oh,1,0.0,0.0,"대한산업공학회 (NODE11743361, IF: 0.42)"
499,2024,산업공학,317578630,Byeolyi Yoon,1,0.0,0.0,"대한산업공학회 (NODE11743361, IF: 0.42)"
500,2024,산업공학,590519241,Jaehoo Bae,1,0.0,0.0,"대한산업공학회 (NODE11743361, IF: 0.42)"
501,2024,산업공학,773904051,Dwita Astari Pujiartati,1,0.0,0.0,"대한산업공학회 (NODE11743362, IF: 0.42)"
502,2024,산업공학,528445627,Meivia Nisrina Salsabila,1,0.0,0.0,"대한산업공학회 (NODE11743362, IF: 0.42)"
503,2024,산업공학,151349728,Khoirul Muslim,1,0.0,0.0,"대한산업공학회 (NODE11743362, IF: 0.42)"
504,2024,산업공학,580960749,Yassierli,1,0.0,0.0,"대한산업공학회 (NODE11743362, IF: 0.42)"
505,2024,산업공학,781832767,Saiful Akbar,1,0.0,0.0,"대한산업공학회 (NODE11743362, IF: 0.42)"
506,2024,산업공학,335880170,Dwi Kurniawan,1,0.0,0.0,"대한산업공학회 (NODE11826443, IF: 0.42)"
507,2024,산업공학,645691356,Asterina Febrianti,1,0.0,0.0,"대한산업공학회 (NODE11826443, IF: 0.42)"
508,2024,산업공학,779439497,Yuka Nakamura,1,0.0,0.0,"대한산업공학회 (NODE11826444, IF: 0.42)"
509,2024,산업공학,800099625,Taiga Yoshikawa,1,0.0,0.0,"대한산업공학회 (NODE11826444, IF: 0.42)"
510,2024,산업공학,336490550,Muhammad Rizki,1,0.0,0.0,"대한산업공학회 (NODE11826446, IF: 0.42)"
511,2024,산업공학,602203560,Bambang Suhardi,1,0.0,0.0,"대한산업공학회 (NODE11826446, IF: 0.42)"
512,2024,산업공학,251634622,Pringgo Widyo Laksono,1,0.0,0.0,"대한산업공학회 (NODE11826446, IF: 0.42)"
513,2024,산업공학,412959341,Sapto Jumono,1,0.0,0.0,"대한산업공학회 (NODE11826447, IF: 0.42)"
514,2024,산업공학,228569384,Chajar Matari Fath Mala,1,0.0,0.0,"대한산업공학회 (NODE11826447, IF: 0.42)"
515,2024,산업공학,509188505,Lukmanul Hakim Aziz,1,0.0,0.0,"대한산업공학회 (NODE11826447, IF: 0.42)"
516,2024,산업공학,527222183,James Peprah Adu,1,0.0,0.0,"대한산업공학회 (NODE11826450, IF: 0.42)"
517,2024,산업공학,282397753,Nirmala Dorasamy,1,0.0,0.0,"대한산업공학회 (NODE11826450, IF: 0.42)"
518,2024,산업공학,920793986,Solomon Abekah Keelson,1,0.0,0.0,"대한산업공학회 (NODE11826450, IF: 0.42)"
519,2024,산업공학,429098290,Mark Gerard S. Cruz,1,0.0,0.0,"대한산업공학회 (NODE11826452, IF: 0.42)"
520,2024,산업공학,636608877,Stephanie Caridad DR. Landicho,1,0.0,0.0,"대한산업공학회 (NODE11826452, IF: 0.42)"
521,2024,산업공학,725515707,John Kenneth P. Punongbayan,1,0.0,0.0,"대한산업공학회 (NODE11826452, IF: 0.42)"
522,2024,산업공학,757486061,Diana Marie R. De Silva,1,0.0,0.0,"대한산업공학회 (NODE11826452, IF: 0.42)"
523,2024,산업공학,223422460,Haerold Dean Z. Layaoen,1,0.0,0.0,"대한산업공학회 (NODE11826452, IF: 0.42)"
524,2024,산업공학,662033432,Josefa Angelie D. Revilla,1,0.0,0.0,"대한산업공학회 (NODE11826452, IF: 0.42)"
525,2024,산업공학,755708705,Omar F. Zubiab,1,0.0,0.0,"대한산업공학회 (NODE11826452, IF: 0.42)"
526,2024,산업공학,396229270,Tokimasa Isomura,1,0.0,0.0,"대한산업공학회 (NODE11826453, IF: 0.42)"
527,2024,산업공학,141242335,Ryotaro Shimizu,1,0.0,0.0,"대한산업공학회 (NODE11826453, IF: 0.42)"
528,2024,산업공학,534596841,Poorya Naseri,1,0.0,0.0,"대한산업공학회 (NODE11826454, IF: 0.42)"
529,2024,산업공학,564553347,Mortaza Abbasi,1,0.0,0.0,"대한산업공학회 (NODE11826454, IF: 0.42)"
530,2024,산업공학,469985771,Karim Atashgar,1,0.0,0.0,"대한산업공학회 (NODE11826454, IF: 0.42)"
531,2024,산업공학,916958372,Kyuheon Jung,1,0.0,0.0,"대한산업공학회 (NODE11826455, IF: 0.42)"
532,2024,산업공학,140024947,Sungchul Choi,1,0.0,0.0,"대한산업공학회 (NODE11826455, IF: 0.42)"
533,2024,산업공학,348864017,Sion Jang,1,0.0,0.0,"대한산업공학회 (NODE11826455, IF: 0.42)"
534,2024,산업공학,505971423,Misuk Kim,1,0.0,0.0,"대한산업공학회 (NODE11826455, IF: 0.42)"
535,2024,산업공학,892850218,Hyunsoo Song,1,0.0,0.0,"한국지능정보시스템학회 (NODE11840358, IF: 1.76)"
536,2024,산업공학,416412548,Seungkyu Lee,1,0.0,0.0,"한국지능정보시스템학회 (NODE11840358, IF: 1.76)"
537,2024,산업공학,5426724,김찬수,1,0.0,0.0,"한국지능정보시스템학회 (NODE11840361, IF: 1.76)"
538,2024,산업공학,605339503,김선웅,1,0.0,0.0,"한국지능정보시스템학회 (NODE11840361, IF: 1.76)"
539,2024,산업공학,919337691,최흥식,1,0.0,0.0,"한국지능정보시스템학회 (NODE11840361, IF: 1.76)"
540,2024,산업공학,916220815,이용수,1,0.0,0.0,"한국지능정보시스템학회 (NODE11840372, IF: 1.76)"
541,2024,산업공학,176439683,임효숙,1,0.0,0.0,"한국지능정보시스템학회 (NODE11840372, IF: 1.76)"
542,2024,산업공학,434006269,강주영,1,0.0,0.0,"한국지능정보시스템학회 (NODE11840373, IF: 1.76)"
543,2024,산업공학,416193204,Su Min Park,1,0.0,0.0,"대한인간공학회 (NODE11987952, IF: 0.4)"
544,2024,산업공학,308957099,노종련,1,0.0,0.0,"대한인간공학회 (NODE11987952, IF: 0.4)"
545,2024,산업공학,396343265,임영재,1,0.0,0.0,"대한인간공학회 (NODE11987954, IF: 0.4)"
546,2024,산업공학,391621356,김태경,1,0.0,0.0,"대한인간공학회 (NODE11987956, IF: 0.4)"
547,2024,산업공학,378251537,박종배,1,0.0,0.0,"대한인간공학회 (NODE11987957, IF: 0.4)"
548,2024,산업공학,873067280,우춘룡,1,0.0,0.0,"대한인간공학회 (NODE11987957, IF: 0.4)"
549,2024,산업공학,132989816,김희은,1,0.0,0.0,"대한인간공학회 (NODE11987957, IF: 0.4)"
550,2024,산업공학,311310555,김정호,1,0.0,0.0,"대한산업공학회 (NODE12007692, IF: 0.42)"
551,2024,산업공학,988431659,유일선,1,0.0,0.0,"대한산업공학회 (NODE12007692, IF: 0.42)"
552,2024,산업공학,686930037,박용태,1,0.0,0.0,"대한산업공학회 (NODE12007693, IF: 0.42)"
553,2024,산업공학,538770912,이성주,1,0.0,0.0,"대한산업공학회 (NODE12007693, IF: 0.42)"
554,2024,산업공학,288271114,금영정,1,0.0,0.0,"대한산업공학회 (NODE12007693, IF: 0.42)"
555,2024,산업공학,592882145,이태억,1,0.0,0.0,"대한산업공학회 (NODE12007695, IF: 0.42)"
556,2024,산업공학,518619720,김현정,1,0.0,0.0,"대한산업공학회 (NODE12007695, IF: 0.42)"
557,2024,산업공학,505561198,유태선,1,0.0,0.0,"대한산업공학회 (NODE12007695, IF: 0.42)"
558,2024,산업공학,804966904,백춘삼,1,0.0,0.0,"대한산업공학회 (NODE12007698, IF: 0.42)"
559,2024,산업공학,267638576,유명상,1,0.0,0.0,"대한산업공학회 (NODE12007698, IF: 0.42)"
560,2024,산업공학,175470635,김제용,1,0.0,0.0,"한국신뢰성학회 (NODE11931589, IF: 0.61)"
561,2024,산업공학,885535050,황승현,1,0.0,0.0,"한국신뢰성학회 (NODE11931589, IF: 0.61)"
562,2024,산업공학,859860974,황희원,1,0.0,0.0,"한국신뢰성학회 (NODE11931589, IF: 0.61)"
563,2024,산업공학,551105321,이계신,1,0.0,0.0,"한국신뢰성학회 (NODE11931589, IF: 0.61)"
564,2024,산업공학,104127944,이명진,1,0.0,0.0,"한국신뢰성학회 (NODE11931589, IF: 0.61)"
565,2024,산업공학,237834776,문기성,1,0.0,0.0,"한국신뢰성학회 (NODE11931589, IF: 0.61)"
566,2024,산업공학,525381960,오세준,1,0.0,0.0,"한국신뢰성학회 (NODE11931589, IF: 0.61)"
567,2024,산업공학,548783332,김찬휘,1,0.0,0.0,"한국신뢰성학회 (NODE11931590, IF: 0.61)"
568,2024,산업공학,379029895,한수진,1,0.0,0.0,"한국신뢰성학회 (NODE11931590, IF: 0.61)"
569,2024,산업공학,215420674,유상우,1,0.0,0.0,"한국신뢰성학회 (NODE11931590, IF: 0.61)"
570,2024,산업공학,880217068,이원주,1,0.0,0.0,"한국신뢰성학회 (NODE11931590, IF: 0.61)"
571,2024,산업공학,399012696,한은주,1,0.0,0.0,"한국지능정보시스템학회 (NODE11936008, IF: 1.76)"
572,2024,산업공학,836940519,천세학,1,0.0,0.0,"한국지능정보시스템학회 (NODE11936008, IF: 1.76)"
573,2024,산업공학,5081601,신선아,1,0.0,0.0,"한국지능정보시스템학회 (NODE11936009, IF: 1.76)"
574,2024,산업공학,126429541,Sung-Hyu Chon,1,0.0,0.0,"한국지능정보시스템학회 (NODE11936010, IF: 1.76)"
575,2024,산업공학,609312894,Sungwon Jung,1,0.0,0.0,"한국지능정보시스템학회 (NODE11936010, IF: 1.76)"
576,2024,산업공학,503250952,나요셉,1,0.0,0.0,"한국지능정보시스템학회 (NODE11936012, IF: 1.76)"
577,2024,산업공학,792780478,황건하,1,0.0,0.0,"한국지능정보시스템학회 (NODE11936012, IF: 1.76)"
578,2024,산업공학,137711003,EunSeo Yoo,1,0.0,0.0,"한국지능정보시스템학회 (NODE11936013, IF: 1.76)"
579,2024,산업공학,757817788,Junlin Lee,1,0.0,0.0,"한국지능정보시스템학회 (NODE11936013, IF: 1.76)"
580,2024,산업공학,863613425,YeonJoo Shin,1,0.0,0.0,"한국지능정보시스템학회 (NODE11936013, IF: 1.76)"
581,2024,산업공학,462381533,Ho Seung Kang,1,0.0,0.0,"한국지능정보시스템학회 (NODE11936013, IF: 1.76)"
582,2024,산업공학,545709807,송진순,1,0.0,0.0,"한국지능정보시스템학회 (NODE11936015, IF: 1.76)"
583,2024,산업공학,705648191,김려,1,0.0,0.0,"한국지능정보시스템학회 (NODE11936016, IF: 1.76)"
584,2024,산업공학,704002816,이동원,1,0.0,0.0,"한국지능정보시스템학회 (NODE11936018, IF: 1.76)"
585,2024,산업공학,827736136,허지혜,1,0.0,0.0,"한국지능정보시스템학회 (NODE11936019, IF: 1.76)"
586,2024,산업공학,129260431,Jung-hoon Lim,1,0.0,0.0,"한국지능정보시스템학회 (NODE11936020, IF: 1.76)"
587,2024,산업공학,680171553,유예진,1,0.0,0.0,"한국지능정보시스템학회 (NODE11936023, IF: 1.76)"
588,2024,산업공학,734887578,나덕룡,1,0.0,0.0,"한국지능정보시스템학회 (NODE11936023, IF: 1.76)"
589,2024,산업공학,756560136,김지온,1,0.0,0.0,"한국지능정보시스템학회 (NODE11936023, IF: 1.76)"
590,2024,산업공학,717017170,이지원,1,0.0,0.0,"한국지능정보시스템학회 (NODE11936023, IF: 1.76)"
591,2024,산업공학,905931272,이재연,1,0.0,0.0,"한국지능정보시스템학회 (NODE11936023, IF: 1.76)"
592,2024,산업공학,548766280,송위창,1,0.0,0.0,"한국지능정보시스템학회 (NODE11936024, IF: 1.76)"
593,2024,산업공학,983595630,김상진,1,0.0,0.0,"한국지능정보시스템학회 (NODE11936024, IF: 1.76)"
594,2024,산업공학,181746626,정경호,1,0.0,0.0,"한국지능정보시스템학회 (NODE11936025, IF: 1.76)"
595,2024,산업공학,304347821,문상룡,1,0.0,0.0,"한국지능정보시스템학회 (NODE11936026, IF: 1.76)"
596,2024,산업공학,669934833,한윤,1,0.0,0.0,"한국지능정보시스템학회 (NODE11936026, IF: 1.76)"
597,2024,산업공학,307499737,Xuehong Gao,1,0.0,0.0,"대한산업공학회 (NODE11936029, IF: 0.42)"
598,2024,산업공학,413966248,Zhijin Chen,1,0.0,0.0,"대한산업공학회 (NODE11936029, IF: 0.42)"
599,2024,산업공학,510273667,Bosung Kim,1,0.0,0.0,"대한산업공학회 (NODE11936029, IF: 0.42)"
600,2024,산업공학,346883615,박찬석,1,0.0,0.0,"대한산업공학회 (NODE11936029, IF: 0.42)"
601,2024,산업공학,724661950,La Gubu,1,0.0,0.0,"대한산업공학회 (NODE11936030, IF: 0.42)"
602,2024,산업공학,601471080,Edi Cahyono,1,0.0,0.0,"대한산업공학회 (NODE11936030, IF: 0.42)"
603,2024,산업공학,610560150,Arman,1,0.0,0.0,"대한산업공학회 (NODE11936030, IF: 0.42)"
604,2024,산업공학,104041351,Herdi Budiman,1,0.0,0.0,"대한산업공학회 (NODE11936030, IF: 0.42)"
605,2024,산업공학,352435542,Muh. Kabil Djafar,1,0.0,0.0,"대한산업공학회 (NODE11936030, IF: 0.42)"
606,2024,산업공학,648106594,Siti Afiani Musyarofah,1,0.0,0.0,"대한산업공학회 (NODE11936032, IF: 0.42)"
607,2024,산업공학,653952422,Alva Edy Tontowi,1,0.0,0.0,"대한산업공학회 (NODE11936032, IF: 0.42)"
608,2024,산업공학,353484059,Nur Aini Masruroh,1,0.0,0.0,"대한산업공학회 (NODE11936032, IF: 0.42)"
609,2024,산업공학,692457564,Budhi Sholeh Wibowo,1,0.0,0.0,"대한산업공학회 (NODE11936032, IF: 0.42)"
610,2024,산업공학,564888009,Bashar Yaser Almansour,1,0.0,0.0,"대한산업공학회 (NODE11936034, IF: 0.42)"
611,2024,산업공학,965516179,Osman Gulseven,1,0.0,0.0,"대한산업공학회 (NODE11936034, IF: 0.42)"
612,2024,산업공학,761054653,Jesus Cuauhtemoc Tellez Gaytan,1,0.0,0.0,"대한산업공학회 (NODE11936034, IF: 0.42)"
613,2024,산업공학,165629095,Namsu Ahn,1,0.0,0.0,"대한산업공학회 (NODE11936035, IF: 0.42)"
614,2024,산업공학,304036518,Hana Catur Wahyuni,1,0.0,0.0,"대한산업공학회 (NODE11936036, IF: 0.42)"
615,2024,산업공학,231143584,Inggit Marodiyah,1,0.0,0.0,"대한산업공학회 (NODE11936036, IF: 0.42)"
616,2024,산업공학,885862015,Marimin Marimin,1,0.0,0.0,"대한산업공학회 (NODE11936036, IF: 0.42)"
617,2024,산업공학,745505879,Ivan Gunawan,1,0.0,0.0,"대한산업공학회 (NODE11936036, IF: 0.42)"
618,2024,산업공학,739152434,Diva Kurnianingtyas,1,0.0,0.0,"대한산업공학회 (NODE11936036, IF: 0.42)"
619,2024,산업공학,221599081,Seyed Amirhossein Shojaei,1,0.0,0.0,"대한산업공학회 (NODE11936038, IF: 0.42)"
620,2024,산업공학,581732267,Amal Ghalib Rashid,1,0.0,0.0,"대한산업공학회 (NODE11943154, IF: 0.42)"
621,2024,산업공학,135080830,정용태,1,0.0,0.0,"대한산업공학회 (NODE11751381, IF: 0.42)"
622,2024,산업공학,174892089,Sunkyo Kim,1,0.0,0.0,"대한산업공학회 (NODE11751382, IF: 0.42)"
623,2024,산업공학,551287898,조성진,1,0.0,0.0,"대한산업공학회 (NODE11751383, IF: 0.42)"
624,2024,산업공학,180766772,김수환,1,0.0,0.0,"대한산업공학회 (NODE11751383, IF: 0.42)"
625,2024,산업공학,998028161,전승선,1,0.0,0.0,"대한산업공학회 (NODE11751385, IF: 0.42)"
626,2024,산업공학,998432540,이왕재,1,0.0,0.0,"대한산업공학회 (NODE11751385, IF: 0.42)"
627,2024,산업공학,113787091,박재규,1,0.0,0.0,"대한산업공학회 (NODE11751385, IF: 0.42)"
628,2024,산업공학,5399934,차선교,1,0.0,0.0,"대한산업공학회 (NODE11751390, IF: 0.42)"
629,2024,산업공학,825646779,윤봉규,1,0.0,0.0,"대한산업공학회 (NODE11751390, IF: 0.42)"
630,2024,산업공학,355001099,홍유화,1,0.0,0.0,"대한인간공학회 (NODE11937788, IF: 0.4)"
631,2024,산업공학,812356475,정수환,1,0.0,0.0,"대한인간공학회 (NODE11937788, IF: 0.4)"
632,2024,산업공학,825998581,박규희,1,0.0,0.0,"대한인간공학회 (NODE11937788, IF: 0.4)"
633,2024,산업공학,372651304,홍송표,1,0.0,0.0,"대한인간공학회 (NODE11937789, IF: 0.4)"
634,2024,산업공학,235006823,이옥근,1,0.0,0.0,"대한인간공학회 (NODE11937790, IF: 0.4)"
635,2024,산업공학,401508708,임승빈,1,0.0,0.0,"대한인간공학회 (NODE11937790, IF: 0.4)"
636,2024,산업공학,514789701,유가영,1,0.0,0.0,"대한인간공학회 (NODE11937791, IF: 0.4)"
637,2024,산업공학,993691904,김서연,1,0.0,0.0,"대한인간공학회 (NODE11937791, IF: 0.4)"
638,2024,산업공학,791622203,김혜연,1,0.0,0.0,"대한인간공학회 (NODE11937793, IF: 0.4)"
639,2024,산업공학,469488347,한진태,1,0.0,0.0,"대한인간공학회 (NODE11937793, IF: 0.4)"
640,2024,산업공학,276318983,김주희,1,0.0,0.0,"대한인간공학회 (NODE11937794, IF: 0.4)"
641,2024,산업공학,733237610,이유신,1,0.0,0.0,"대한인간공학회 (NODE11937794, IF: 0.4)"
642,2024,산업공학,640391750,Javier Gómez Maturano,1,0.0,0.0,"대한산업공학회 (NODE12014506, IF: 0.42)"
643,2024,산업공학,270164083,Benito Sánchez Lara,1,0.0,0.0,"대한산업공학회 (NODE12014506, IF: 0.42)"
644,2024,산업공학,133098282,Ivan Kristianto Singgih,1,0.0,0.0,"대한산업공학회 (NODE12014508, IF: 0.42)"
645,2024,산업공학,912522685,Christian Yavin Ibrahim,1,0.0,0.0,"대한산업공학회 (NODE12014508, IF: 0.42)"
646,2024,산업공학,603986391,Stefanus Soegiharto,1,0.0,0.0,"대한산업공학회 (NODE12014508, IF: 0.42)"
647,2024,산업공학,282948051,Olyvia Novawanda,1,0.0,0.0,"대한산업공학회 (NODE12014508, IF: 0.42)"
648,2024,산업공학,383336847,Bernardo Nugroho Yahya,1,0.0,0.0,"대한산업공학회 (NODE12014508, IF: 0.42)"
649,2024,산업공학,191356308,Kihun Song,1,0.0,0.0,"대한산업공학회 (NODE12014509, IF: 0.42)"
650,2024,산업공학,249303862,Jaeboong Choi,1,0.0,0.0,"대한산업공학회 (NODE12014509, IF: 0.42)"
651,2024,산업공학,649799587,Sung Yun Kim,1,0.0,0.0,"대한산업공학회 (NODE12014510, IF: 0.42)"
652,2024,산업공학,553226905,Tatsuya Ishii,1,0.0,0.0,"대한산업공학회 (NODE12014511, IF: 0.42)"
653,2024,산업공학,259009584,Tianxiang Yang,1,0.0,0.0,"대한산업공학회 (NODE12014511, IF: 0.42)"
654,2024,산업공학,216795300,Wadhah Alzahmi,1,0.0,0.0,"대한산업공학회 (NODE12014512, IF: 0.42)"
655,2024,산업공학,847366218,Karam Al-Assaf,1,0.0,0.0,"대한산업공학회 (NODE12014512, IF: 0.42)"
656,2024,산업공학,890889800,"Ryan Alshaikh, Zied Bahroun",1,0.0,0.0,"대한산업공학회 (NODE12014512, IF: 0.42)"
657,2024,산업공학,365730100,Zied Bahroun,1,0.0,0.0,"대한산업공학회 (NODE12014512, IF: 0.42)"
658,2024,산업공학,775259930,Muhammad Aslam,1,0.0,0.0,"대한산업공학회 (NODE12014513, IF: 0.42)"
659,2024,산업공학,637283209,Mohammed Albassam,1,0.0,0.0,"대한산업공학회 (NODE12014513, IF: 0.42)"
660,2024,산업공학,766853482,G. V. Sriramachandran,1,0.0,0.0,"대한산업공학회 (NODE12014513, IF: 0.42)"
661,2024,산업공학,636850617,Gadde Srinivasa Rao,1,0.0,0.0,"대한산업공학회 (NODE12014513, IF: 0.42)"
